<?xml version="1.0" encoding="UTF-8" ?>
<!DOCTYPE mapper PUBLIC "-//mybatis.org//DTD Mapper 3.0//EN" "http://mybatis.org/dtd/mybatis-3-mapper.dtd" >
<mapper namespace="com.vacc.web.mapper.DetectionPointMapper" >
  <resultMap id="BaseResultMap" type="com.vacc.web.pojo.DetectionPoint" >
    <id column="Detectionid" property="detectionid" jdbcType="INTEGER" />
    <result column="areaId" property="areaid" jdbcType="BIGINT" />
    <result column="Detailed_address" property="detailedAddress" jdbcType="VARCHAR" />
    <result column="name" property="name" jdbcType="VARCHAR" />
    <result column="Starttime" property="starttime" jdbcType="TIMESTAMP" />
    <result column="Endtime" property="endtime" jdbcType="TIMESTAMP" />
  </resultMap>
  <sql id="Example_Where_Clause" >
    <where >
      <foreach collection="oredCriteria" item="criteria" separator="or" >
        <if test="criteria.valid" >
          <trim prefix="(" suffix=")" prefixOverrides="and" >
            <foreach collection="criteria.criteria" item="criterion" >
              <choose >
                <when test="criterion.noValue" >
                  and ${criterion.condition}
                </when>
                <when test="criterion.singleValue" >
                  and ${criterion.condition} #{criterion.value}
                </when>
                <when test="criterion.betweenValue" >
                  and ${criterion.condition} #{criterion.value} and #{criterion.secondValue}
                </when>
                <when test="criterion.listValue" >
                  and ${criterion.condition}
                  <foreach collection="criterion.value" item="listItem" open="(" close=")" separator="," >
                    #{listItem}
                  </foreach>
                </when>
              </choose>
            </foreach>
          </trim>
        </if>
      </foreach>
    </where>
  </sql>
  <sql id="Update_By_Example_Where_Clause" >
    <where >
      <foreach collection="example.oredCriteria" item="criteria" separator="or" >
        <if test="criteria.valid" >
          <trim prefix="(" suffix=")" prefixOverrides="and" >
            <foreach collection="criteria.criteria" item="criterion" >
              <choose >
                <when test="criterion.noValue" >
                  and ${criterion.condition}
                </when>
                <when test="criterion.singleValue" >
                  and ${criterion.condition} #{criterion.value}
                </when>
                <when test="criterion.betweenValue" >
                  and ${criterion.condition} #{criterion.value} and #{criterion.secondValue}
                </when>
                <when test="criterion.listValue" >
                  and ${criterion.condition}
                  <foreach collection="criterion.value" item="listItem" open="(" close=")" separator="," >
                    #{listItem}
                  </foreach>
                </when>
              </choose>
            </foreach>
          </trim>
        </if>
      </foreach>
    </where>
  </sql>
  <sql id="Base_Column_List" >
    Detectionid, areaId, Detailed_address, name, Starttime, Endtime
  </sql>
  <select id="selectByExample" resultMap="BaseResultMap" parameterType="com.vacc.web.pojo.DetectionPointExample" >
    select
    <if test="distinct" >
      distinct
    </if>
    <include refid="Base_Column_List" />
    from detection_point
    <if test="_parameter != null" >
      <include refid="Example_Where_Clause" />
    </if>
    <if test="orderByClause != null" >
      order by ${orderByClause}
    </if>
  </select>
  <select id="selectByPrimaryKey" resultMap="BaseResultMap" parameterType="java.lang.Integer" >
    select 
    <include refid="Base_Column_List" />
    from detection_point
    where Detectionid = #{detectionid,jdbcType=INTEGER}
  </select>
  <delete id="deleteByPrimaryKey" parameterType="java.lang.Integer" >
    delete from detection_point
    where Detectionid = #{detectionid,jdbcType=INTEGER}
  </delete>
  <delete id="deleteByExample" parameterType="com.vacc.web.pojo.DetectionPointExample" >
    delete from detection_point
    <if test="_parameter != null" >
      <include refid="Example_Where_Clause" />
    </if>
  </delete>
  <insert id="insert" parameterType="com.vacc.web.pojo.DetectionPoint" >
    insert into detection_point (Detectionid, areaId, Detailed_address, 
      name, Starttime, Endtime
      )
    values (#{detectionid,jdbcType=INTEGER}, #{areaid,jdbcType=BIGINT}, #{detailedAddress,jdbcType=VARCHAR}, 
      #{name,jdbcType=VARCHAR}, #{starttime,jdbcType=TIMESTAMP}, #{endtime,jdbcType=TIMESTAMP}
      )
  </insert>
  <insert id="insertSelective" parameterType="com.vacc.web.pojo.DetectionPoint" >
    insert into detection_point
    <trim prefix="(" suffix=")" suffixOverrides="," >
      <if test="detectionid != null" >
        Detectionid,
      </if>
      <if test="areaid != null" >
        areaId,
      </if>
      <if test="detailedAddress != null" >
        Detailed_address,
      </if>
      <if test="name != null" >
        name,
      </if>
      <if test="starttime != null" >
        Starttime,
      </if>
      <if test="endtime != null" >
        Endtime,
      </if>
    </trim>
    <trim prefix="values (" suffix=")" suffixOverrides="," >
      <if test="detectionid != null" >
        #{detectionid,jdbcType=INTEGER},
      </if>
      <if test="areaid != null" >
        #{areaid,jdbcType=BIGINT},
      </if>
      <if test="detailedAddress != null" >
        #{detailedAddress,jdbcType=VARCHAR},
      </if>
      <if test="name != null" >
        #{name,jdbcType=VARCHAR},
      </if>
      <if test="starttime != null" >
        #{starttime,jdbcType=TIMESTAMP},
      </if>
      <if test="endtime != null" >
        #{endtime,jdbcType=TIMESTAMP},
      </if>
    </trim>
  </insert>
  <select id="countByExample" parameterType="com.vacc.web.pojo.DetectionPointExample" resultType="java.lang.Integer" >
    select count(*) from detection_point
    <if test="_parameter != null" >
      <include refid="Example_Where_Clause" />
    </if>
  </select>
  <update id="updateByExampleSelective" parameterType="map" >
    update detection_point
    <set >
      <if test="record.detectionid != null" >
        Detectionid = #{record.detectionid,jdbcType=INTEGER},
      </if>
      <if test="record.areaid != null" >
        areaId = #{record.areaid,jdbcType=BIGINT},
      </if>
      <if test="record.detailedAddress != null" >
        Detailed_address = #{record.detailedAddress,jdbcType=VARCHAR},
      </if>
      <if test="record.name != null" >
        name = #{record.name,jdbcType=VARCHAR},
      </if>
      <if test="record.starttime != null" >
        Starttime = #{record.starttime,jdbcType=TIMESTAMP},
      </if>
      <if test="record.endtime != null" >
        Endtime = #{record.endtime,jdbcType=TIMESTAMP},
      </if>
    </set>
    <if test="_parameter != null" >
      <include refid="Update_By_Example_Where_Clause" />
    </if>
  </update>
  <update id="updateByExample" parameterType="map" >
    update detection_point
    set Detectionid = #{record.detectionid,jdbcType=INTEGER},
      areaId = #{record.areaid,jdbcType=BIGINT},
      Detailed_address = #{record.detailedAddress,jdbcType=VARCHAR},
      name = #{record.name,jdbcType=VARCHAR},
      Starttime = #{record.starttime,jdbcType=TIMESTAMP},
      Endtime = #{record.endtime,jdbcType=TIMESTAMP}
    <if test="_parameter != null" >
      <include refid="Update_By_Example_Where_Clause" />
    </if>
  </update>
  <update id="updateByPrimaryKeySelective" parameterType="com.vacc.web.pojo.DetectionPoint" >
    update detection_point
    <set >
      <if test="areaid != null" >
        areaId = #{areaid,jdbcType=BIGINT},
      </if>
      <if test="detailedAddress != null" >
        Detailed_address = #{detailedAddress,jdbcType=VARCHAR},
      </if>
      <if test="name != null" >
        name = #{name,jdbcType=VARCHAR},
      </if>
      <if test="starttime != null" >
        Starttime = #{starttime,jdbcType=TIMESTAMP},
      </if>
      <if test="endtime != null" >
        Endtime = #{endtime,jdbcType=TIMESTAMP},
      </if>
    </set>
    where Detectionid = #{detectionid,jdbcType=INTEGER}
  </update>
  <update id="updateByPrimaryKey" parameterType="com.vacc.web.pojo.DetectionPoint" >
    update detection_point
    set areaId = #{areaid,jdbcType=BIGINT},
      Detailed_address = #{detailedAddress,jdbcType=VARCHAR},
      name = #{name,jdbcType=VARCHAR},
      Starttime = #{starttime,jdbcType=TIMESTAMP},
      Endtime = #{endtime,jdbcType=TIMESTAMP}
    where Detectionid = #{detectionid,jdbcType=INTEGER}
  </update>
</mapper>