<?xml version="1.0" encoding="UTF-8" ?>
<!DOCTYPE mapper PUBLIC "-//mybatis.org//DTD Mapper 3.0//EN" "http://mybatis.org/dtd/mybatis-3-mapper.dtd" >
<mapper namespace="com.vacc.web.mapper.GeneralSamplingMapper" >
  <resultMap id="BaseResultMap" type="com.vacc.web.pojo.GeneralSampling" >
    <id column="id" property="id" jdbcType="INTEGER" />
    <result column="name" property="name" jdbcType="VARCHAR" />
    <result column="tel" property="tel" jdbcType="VARCHAR" />
    <result column="document_type" property="documentType" jdbcType="INTEGER" />
    <result column="document_No" property="documentNo" jdbcType="VARCHAR" />
    <result column="sex" property="sex" jdbcType="VARCHAR" />
    <result column="birthday" property="birthday" jdbcType="TIMESTAMP" />
    <result column="country" property="country" jdbcType="VARCHAR" />
    <result column="age" property="age" jdbcType="INTEGER" />
    <result column="current_residence" property="currentResidence" jdbcType="VARCHAR" />
    <result column="detailed_address" property="detailedAddress" jdbcType="VARCHAR" />
    <result column="crowd_typeId" property="crowdTypeid" jdbcType="INTEGER" />
    <result column="inspect_typeId" property="inspectTypeid" jdbcType="INTEGER" />
  </resultMap>
  <sql id="Example_Where_Clause" >
    <where >
      <foreach collection="oredCriteria" item="criteria" separator="or" >
        <if test="criteria.valid" >
          <trim prefix="(" suffix=")" prefixOverrides="and" >
            <foreach collection="criteria.criteria" item="criterion" >
              <choose >
                <when test="criterion.noValue" >
                  and ${criterion.condition}
                </when>
                <when test="criterion.singleValue" >
                  and ${criterion.condition} #{criterion.value}
                </when>
                <when test="criterion.betweenValue" >
                  and ${criterion.condition} #{criterion.value} and #{criterion.secondValue}
                </when>
                <when test="criterion.listValue" >
                  and ${criterion.condition}
                  <foreach collection="criterion.value" item="listItem" open="(" close=")" separator="," >
                    #{listItem}
                  </foreach>
                </when>
              </choose>
            </foreach>
          </trim>
        </if>
      </foreach>
    </where>
  </sql>
  <sql id="Update_By_Example_Where_Clause" >
    <where >
      <foreach collection="example.oredCriteria" item="criteria" separator="or" >
        <if test="criteria.valid" >
          <trim prefix="(" suffix=")" prefixOverrides="and" >
            <foreach collection="criteria.criteria" item="criterion" >
              <choose >
                <when test="criterion.noValue" >
                  and ${criterion.condition}
                </when>
                <when test="criterion.singleValue" >
                  and ${criterion.condition} #{criterion.value}
                </when>
                <when test="criterion.betweenValue" >
                  and ${criterion.condition} #{criterion.value} and #{criterion.secondValue}
                </when>
                <when test="criterion.listValue" >
                  and ${criterion.condition}
                  <foreach collection="criterion.value" item="listItem" open="(" close=")" separator="," >
                    #{listItem}
                  </foreach>
                </when>
              </choose>
            </foreach>
          </trim>
        </if>
      </foreach>
    </where>
  </sql>
  <sql id="Base_Column_List" >
    id, name, tel, document_type, document_No, sex, birthday, country, age, current_residence, 
    detailed_address, crowd_typeId, inspect_typeId
  </sql>
  <select id="selectByExample" resultMap="BaseResultMap" parameterType="com.vacc.web.pojo.GeneralSamplingExample" >
    select
    <if test="distinct" >
      distinct
    </if>
    <include refid="Base_Column_List" />
    from general_sampling
    <if test="_parameter != null" >
      <include refid="Example_Where_Clause" />
    </if>
    <if test="orderByClause != null" >
      order by ${orderByClause}
    </if>
  </select>
  <select id="selectByPrimaryKey" resultMap="BaseResultMap" parameterType="java.lang.Integer" >
    select 
    <include refid="Base_Column_List" />
    from general_sampling
    where id = #{id,jdbcType=INTEGER}
  </select>
  <delete id="deleteByPrimaryKey" parameterType="java.lang.Integer" >
    delete from general_sampling
    where id = #{id,jdbcType=INTEGER}
  </delete>
  <delete id="deleteByExample" parameterType="com.vacc.web.pojo.GeneralSamplingExample" >
    delete from general_sampling
    <if test="_parameter != null" >
      <include refid="Example_Where_Clause" />
    </if>
  </delete>
  <insert id="insert" parameterType="com.vacc.web.pojo.GeneralSampling" >
    insert into general_sampling (id, name, tel, 
      document_type, document_No, sex, 
      birthday, country, age, 
      current_residence, detailed_address, crowd_typeId, 
      inspect_typeId)
    values (#{id,jdbcType=INTEGER}, #{name,jdbcType=VARCHAR}, #{tel,jdbcType=VARCHAR}, 
      #{documentType,jdbcType=INTEGER}, #{documentNo,jdbcType=VARCHAR}, #{sex,jdbcType=VARCHAR}, 
      #{birthday,jdbcType=TIMESTAMP}, #{country,jdbcType=VARCHAR}, #{age,jdbcType=INTEGER}, 
      #{currentResidence,jdbcType=VARCHAR}, #{detailedAddress,jdbcType=VARCHAR}, #{crowdTypeid,jdbcType=INTEGER}, 
      #{inspectTypeid,jdbcType=INTEGER})
  </insert>
  <insert id="insertSelective" parameterType="com.vacc.web.pojo.GeneralSampling" >
    insert into general_sampling
    <trim prefix="(" suffix=")" suffixOverrides="," >
      <if test="id != null" >
        id,
      </if>
      <if test="name != null" >
        name,
      </if>
      <if test="tel != null" >
        tel,
      </if>
      <if test="documentType != null" >
        document_type,
      </if>
      <if test="documentNo != null" >
        document_No,
      </if>
      <if test="sex != null" >
        sex,
      </if>
      <if test="birthday != null" >
        birthday,
      </if>
      <if test="country != null" >
        country,
      </if>
      <if test="age != null" >
        age,
      </if>
      <if test="currentResidence != null" >
        current_residence,
      </if>
      <if test="detailedAddress != null" >
        detailed_address,
      </if>
      <if test="crowdTypeid != null" >
        crowd_typeId,
      </if>
      <if test="inspectTypeid != null" >
        inspect_typeId,
      </if>
    </trim>
    <trim prefix="values (" suffix=")" suffixOverrides="," >
      <if test="id != null" >
        #{id,jdbcType=INTEGER},
      </if>
      <if test="name != null" >
        #{name,jdbcType=VARCHAR},
      </if>
      <if test="tel != null" >
        #{tel,jdbcType=VARCHAR},
      </if>
      <if test="documentType != null" >
        #{documentType,jdbcType=INTEGER},
      </if>
      <if test="documentNo != null" >
        #{documentNo,jdbcType=VARCHAR},
      </if>
      <if test="sex != null" >
        #{sex,jdbcType=VARCHAR},
      </if>
      <if test="birthday != null" >
        #{birthday,jdbcType=TIMESTAMP},
      </if>
      <if test="country != null" >
        #{country,jdbcType=VARCHAR},
      </if>
      <if test="age != null" >
        #{age,jdbcType=INTEGER},
      </if>
      <if test="currentResidence != null" >
        #{currentResidence,jdbcType=VARCHAR},
      </if>
      <if test="detailedAddress != null" >
        #{detailedAddress,jdbcType=VARCHAR},
      </if>
      <if test="crowdTypeid != null" >
        #{crowdTypeid,jdbcType=INTEGER},
      </if>
      <if test="inspectTypeid != null" >
        #{inspectTypeid,jdbcType=INTEGER},
      </if>
    </trim>
  </insert>
  <select id="countByExample" parameterType="com.vacc.web.pojo.GeneralSamplingExample" resultType="java.lang.Integer" >
    select count(*) from general_sampling
    <if test="_parameter != null" >
      <include refid="Example_Where_Clause" />
    </if>
  </select>
  <update id="updateByExampleSelective" parameterType="map" >
    update general_sampling
    <set >
      <if test="record.id != null" >
        id = #{record.id,jdbcType=INTEGER},
      </if>
      <if test="record.name != null" >
        name = #{record.name,jdbcType=VARCHAR},
      </if>
      <if test="record.tel != null" >
        tel = #{record.tel,jdbcType=VARCHAR},
      </if>
      <if test="record.documentType != null" >
        document_type = #{record.documentType,jdbcType=INTEGER},
      </if>
      <if test="record.documentNo != null" >
        document_No = #{record.documentNo,jdbcType=VARCHAR},
      </if>
      <if test="record.sex != null" >
        sex = #{record.sex,jdbcType=VARCHAR},
      </if>
      <if test="record.birthday != null" >
        birthday = #{record.birthday,jdbcType=TIMESTAMP},
      </if>
      <if test="record.country != null" >
        country = #{record.country,jdbcType=VARCHAR},
      </if>
      <if test="record.age != null" >
        age = #{record.age,jdbcType=INTEGER},
      </if>
      <if test="record.currentResidence != null" >
        current_residence = #{record.currentResidence,jdbcType=VARCHAR},
      </if>
      <if test="record.detailedAddress != null" >
        detailed_address = #{record.detailedAddress,jdbcType=VARCHAR},
      </if>
      <if test="record.crowdTypeid != null" >
        crowd_typeId = #{record.crowdTypeid,jdbcType=INTEGER},
      </if>
      <if test="record.inspectTypeid != null" >
        inspect_typeId = #{record.inspectTypeid,jdbcType=INTEGER},
      </if>
    </set>
    <if test="_parameter != null" >
      <include refid="Update_By_Example_Where_Clause" />
    </if>
  </update>
  <update id="updateByExample" parameterType="map" >
    update general_sampling
    set id = #{record.id,jdbcType=INTEGER},
      name = #{record.name,jdbcType=VARCHAR},
      tel = #{record.tel,jdbcType=VARCHAR},
      document_type = #{record.documentType,jdbcType=INTEGER},
      document_No = #{record.documentNo,jdbcType=VARCHAR},
      sex = #{record.sex,jdbcType=VARCHAR},
      birthday = #{record.birthday,jdbcType=TIMESTAMP},
      country = #{record.country,jdbcType=VARCHAR},
      age = #{record.age,jdbcType=INTEGER},
      current_residence = #{record.currentResidence,jdbcType=VARCHAR},
      detailed_address = #{record.detailedAddress,jdbcType=VARCHAR},
      crowd_typeId = #{record.crowdTypeid,jdbcType=INTEGER},
      inspect_typeId = #{record.inspectTypeid,jdbcType=INTEGER}
    <if test="_parameter != null" >
      <include refid="Update_By_Example_Where_Clause" />
    </if>
  </update>
  <update id="updateByPrimaryKeySelective" parameterType="com.vacc.web.pojo.GeneralSampling" >
    update general_sampling
    <set >
      <if test="name != null" >
        name = #{name,jdbcType=VARCHAR},
      </if>
      <if test="tel != null" >
        tel = #{tel,jdbcType=VARCHAR},
      </if>
      <if test="documentType != null" >
        document_type = #{documentType,jdbcType=INTEGER},
      </if>
      <if test="documentNo != null" >
        document_No = #{documentNo,jdbcType=VARCHAR},
      </if>
      <if test="sex != null" >
        sex = #{sex,jdbcType=VARCHAR},
      </if>
      <if test="birthday != null" >
        birthday = #{birthday,jdbcType=TIMESTAMP},
      </if>
      <if test="country != null" >
        country = #{country,jdbcType=VARCHAR},
      </if>
      <if test="age != null" >
        age = #{age,jdbcType=INTEGER},
      </if>
      <if test="currentResidence != null" >
        current_residence = #{currentResidence,jdbcType=VARCHAR},
      </if>
      <if test="detailedAddress != null" >
        detailed_address = #{detailedAddress,jdbcType=VARCHAR},
      </if>
      <if test="crowdTypeid != null" >
        crowd_typeId = #{crowdTypeid,jdbcType=INTEGER},
      </if>
      <if test="inspectTypeid != null" >
        inspect_typeId = #{inspectTypeid,jdbcType=INTEGER},
      </if>
    </set>
    where id = #{id,jdbcType=INTEGER}
  </update>
  <update id="updateByPrimaryKey" parameterType="com.vacc.web.pojo.GeneralSampling" >
    update general_sampling
    set name = #{name,jdbcType=VARCHAR},
      tel = #{tel,jdbcType=VARCHAR},
      document_type = #{documentType,jdbcType=INTEGER},
      document_No = #{documentNo,jdbcType=VARCHAR},
      sex = #{sex,jdbcType=VARCHAR},
      birthday = #{birthday,jdbcType=TIMESTAMP},
      country = #{country,jdbcType=VARCHAR},
      age = #{age,jdbcType=INTEGER},
      current_residence = #{currentResidence,jdbcType=VARCHAR},
      detailed_address = #{detailedAddress,jdbcType=VARCHAR},
      crowd_typeId = #{crowdTypeid,jdbcType=INTEGER},
      inspect_typeId = #{inspectTypeid,jdbcType=INTEGER}
    where id = #{id,jdbcType=INTEGER}
  </update>
</mapper>