<?xml version="1.0" encoding="UTF-8" ?>
<!DOCTYPE mapper PUBLIC "-//mybatis.org//DTD Mapper 3.0//EN" "http://mybatis.org/dtd/mybatis-3-mapper.dtd" >
<mapper namespace="com.vacc.web.mapper.HealthreportMapper" >
  <resultMap id="BaseResultMap" type="com.vacc.web.pojo.Healthreport" >
    <id column="id" property="id" jdbcType="INTEGER" />
    <result column="reportingTime" property="reportingtime" jdbcType="TIMESTAMP" />
    <result column="cough" property="cough" jdbcType="VARCHAR" />
    <result column="temperature" property="temperature" jdbcType="VARCHAR" />
    <result column="departureArea" property="departurearea" jdbcType="VARCHAR" />
    <result column="arrivalArea" property="arrivalarea" jdbcType="VARCHAR" />
    <result column="address" property="address" jdbcType="VARCHAR" />
    <result column="UserId" property="userid" jdbcType="BIGINT" />
  </resultMap>
  <sql id="Example_Where_Clause" >
    <where >
      <foreach collection="oredCriteria" item="criteria" separator="or" >
        <if test="criteria.valid" >
          <trim prefix="(" suffix=")" prefixOverrides="and" >
            <foreach collection="criteria.criteria" item="criterion" >
              <choose >
                <when test="criterion.noValue" >
                  and ${criterion.condition}
                </when>
                <when test="criterion.singleValue" >
                  and ${criterion.condition} #{criterion.value}
                </when>
                <when test="criterion.betweenValue" >
                  and ${criterion.condition} #{criterion.value} and #{criterion.secondValue}
                </when>
                <when test="criterion.listValue" >
                  and ${criterion.condition}
                  <foreach collection="criterion.value" item="listItem" open="(" close=")" separator="," >
                    #{listItem}
                  </foreach>
                </when>
              </choose>
            </foreach>
          </trim>
        </if>
      </foreach>
    </where>
  </sql>
  <sql id="Update_By_Example_Where_Clause" >
    <where >
      <foreach collection="example.oredCriteria" item="criteria" separator="or" >
        <if test="criteria.valid" >
          <trim prefix="(" suffix=")" prefixOverrides="and" >
            <foreach collection="criteria.criteria" item="criterion" >
              <choose >
                <when test="criterion.noValue" >
                  and ${criterion.condition}
                </when>
                <when test="criterion.singleValue" >
                  and ${criterion.condition} #{criterion.value}
                </when>
                <when test="criterion.betweenValue" >
                  and ${criterion.condition} #{criterion.value} and #{criterion.secondValue}
                </when>
                <when test="criterion.listValue" >
                  and ${criterion.condition}
                  <foreach collection="criterion.value" item="listItem" open="(" close=")" separator="," >
                    #{listItem}
                  </foreach>
                </when>
              </choose>
            </foreach>
          </trim>
        </if>
      </foreach>
    </where>
  </sql>
  <sql id="Base_Column_List" >
    id, reportingTime, cough, temperature, departureArea, arrivalArea, address, UserId
  </sql>
  <select id="selectByExample" resultMap="BaseResultMap" parameterType="com.vacc.web.pojo.HealthreportExample" >
    select
    <if test="distinct" >
      distinct
    </if>
    <include refid="Base_Column_List" />
    from healthreport
    <if test="_parameter != null" >
      <include refid="Example_Where_Clause" />
    </if>
    <if test="orderByClause != null" >
      order by ${orderByClause}
    </if>
  </select>
  <select id="selectByPrimaryKey" resultMap="BaseResultMap" parameterType="java.lang.Integer" >
    select 
    <include refid="Base_Column_List" />
    from healthreport
    where id = #{id,jdbcType=INTEGER}
  </select>
  <delete id="deleteByPrimaryKey" parameterType="java.lang.Integer" >
    delete from healthreport
    where id = #{id,jdbcType=INTEGER}
  </delete>
  <delete id="deleteByExample" parameterType="com.vacc.web.pojo.HealthreportExample" >
    delete from healthreport
    <if test="_parameter != null" >
      <include refid="Example_Where_Clause" />
    </if>
  </delete>
  <insert id="insert" parameterType="com.vacc.web.pojo.Healthreport" >
    insert into healthreport (id, reportingTime, cough, 
      temperature, departureArea, arrivalArea, 
      address, UserId)
    values (#{id,jdbcType=INTEGER}, #{reportingtime,jdbcType=TIMESTAMP}, #{cough,jdbcType=VARCHAR}, 
      #{temperature,jdbcType=VARCHAR}, #{departurearea,jdbcType=VARCHAR}, #{arrivalarea,jdbcType=VARCHAR}, 
      #{address,jdbcType=VARCHAR}, #{userid,jdbcType=BIGINT})
  </insert>
  <insert id="insertSelective" parameterType="com.vacc.web.pojo.Healthreport" >
    insert into healthreport
    <trim prefix="(" suffix=")" suffixOverrides="," >
      <if test="id != null" >
        id,
      </if>
      <if test="reportingtime != null" >
        reportingTime,
      </if>
      <if test="cough != null" >
        cough,
      </if>
      <if test="temperature != null" >
        temperature,
      </if>
      <if test="departurearea != null" >
        departureArea,
      </if>
      <if test="arrivalarea != null" >
        arrivalArea,
      </if>
      <if test="address != null" >
        address,
      </if>
      <if test="userid != null" >
        UserId,
      </if>
    </trim>
    <trim prefix="values (" suffix=")" suffixOverrides="," >
      <if test="id != null" >
        #{id,jdbcType=INTEGER},
      </if>
      <if test="reportingtime != null" >
        #{reportingtime,jdbcType=TIMESTAMP},
      </if>
      <if test="cough != null" >
        #{cough,jdbcType=VARCHAR},
      </if>
      <if test="temperature != null" >
        #{temperature,jdbcType=VARCHAR},
      </if>
      <if test="departurearea != null" >
        #{departurearea,jdbcType=VARCHAR},
      </if>
      <if test="arrivalarea != null" >
        #{arrivalarea,jdbcType=VARCHAR},
      </if>
      <if test="address != null" >
        #{address,jdbcType=VARCHAR},
      </if>
      <if test="userid != null" >
        #{userid,jdbcType=BIGINT},
      </if>
    </trim>
  </insert>
  <select id="countByExample" parameterType="com.vacc.web.pojo.HealthreportExample" resultType="java.lang.Integer" >
    select count(*) from healthreport
    <if test="_parameter != null" >
      <include refid="Example_Where_Clause" />
    </if>
  </select>
  <update id="updateByExampleSelective" parameterType="map" >
    update healthreport
    <set >
      <if test="record.id != null" >
        id = #{record.id,jdbcType=INTEGER},
      </if>
      <if test="record.reportingtime != null" >
        reportingTime = #{record.reportingtime,jdbcType=TIMESTAMP},
      </if>
      <if test="record.cough != null" >
        cough = #{record.cough,jdbcType=VARCHAR},
      </if>
      <if test="record.temperature != null" >
        temperature = #{record.temperature,jdbcType=VARCHAR},
      </if>
      <if test="record.departurearea != null" >
        departureArea = #{record.departurearea,jdbcType=VARCHAR},
      </if>
      <if test="record.arrivalarea != null" >
        arrivalArea = #{record.arrivalarea,jdbcType=VARCHAR},
      </if>
      <if test="record.address != null" >
        address = #{record.address,jdbcType=VARCHAR},
      </if>
      <if test="record.userid != null" >
        UserId = #{record.userid,jdbcType=BIGINT},
      </if>
    </set>
    <if test="_parameter != null" >
      <include refid="Update_By_Example_Where_Clause" />
    </if>
  </update>
  <update id="updateByExample" parameterType="map" >
    update healthreport
    set id = #{record.id,jdbcType=INTEGER},
      reportingTime = #{record.reportingtime,jdbcType=TIMESTAMP},
      cough = #{record.cough,jdbcType=VARCHAR},
      temperature = #{record.temperature,jdbcType=VARCHAR},
      departureArea = #{record.departurearea,jdbcType=VARCHAR},
      arrivalArea = #{record.arrivalarea,jdbcType=VARCHAR},
      address = #{record.address,jdbcType=VARCHAR},
      UserId = #{record.userid,jdbcType=BIGINT}
    <if test="_parameter != null" >
      <include refid="Update_By_Example_Where_Clause" />
    </if>
  </update>
  <update id="updateByPrimaryKeySelective" parameterType="com.vacc.web.pojo.Healthreport" >
    update healthreport
    <set >
      <if test="reportingtime != null" >
        reportingTime = #{reportingtime,jdbcType=TIMESTAMP},
      </if>
      <if test="cough != null" >
        cough = #{cough,jdbcType=VARCHAR},
      </if>
      <if test="temperature != null" >
        temperature = #{temperature,jdbcType=VARCHAR},
      </if>
      <if test="departurearea != null" >
        departureArea = #{departurearea,jdbcType=VARCHAR},
      </if>
      <if test="arrivalarea != null" >
        arrivalArea = #{arrivalarea,jdbcType=VARCHAR},
      </if>
      <if test="address != null" >
        address = #{address,jdbcType=VARCHAR},
      </if>
      <if test="userid != null" >
        UserId = #{userid,jdbcType=BIGINT},
      </if>
    </set>
    where id = #{id,jdbcType=INTEGER}
  </update>
  <update id="updateByPrimaryKey" parameterType="com.vacc.web.pojo.Healthreport" >
    update healthreport
    set reportingTime = #{reportingtime,jdbcType=TIMESTAMP},
      cough = #{cough,jdbcType=VARCHAR},
      temperature = #{temperature,jdbcType=VARCHAR},
      departureArea = #{departurearea,jdbcType=VARCHAR},
      arrivalArea = #{arrivalarea,jdbcType=VARCHAR},
      address = #{address,jdbcType=VARCHAR},
      UserId = #{userid,jdbcType=BIGINT}
    where id = #{id,jdbcType=INTEGER}
  </update>
</mapper>