<?xml version="1.0" encoding="UTF-8" ?>
<!DOCTYPE mapper PUBLIC "-//mybatis.org//DTD Mapper 3.0//EN" "http://mybatis.org/dtd/mybatis-3-mapper.dtd" >
<mapper namespace="com.vacc.web.mapper.I_SiteAndAreaMapper" >
  <resultMap id="BaseResultMap" type="com.vacc.web.pojo.I_SiteAndArea" >
    <id column="InoculationId" property="inoculationid" jdbcType="BIGINT" />
    <result column="areaId" property="areaid" jdbcType="INTEGER" />
    <result column="Detailed_address" property="detailedAddress" jdbcType="VARCHAR" />
    <result column="InoculationName" property="inoculationname" jdbcType="VARCHAR" />
    <result column="Starttime" property="starttime" jdbcType="TIMESTAMP" />
    <result column="Endtime" property="endtime" jdbcType="TIMESTAMP" />
    <result column="vaccinesId" property="vaccinesid" jdbcType="INTEGER" />
    <result column="provinceID" property="provinceid" jdbcType="VARCHAR" />
    <result column="province" property="province" jdbcType="VARCHAR" />
    <result column="cityID" property="cityid" jdbcType="VARCHAR" />
    <result column="city" property="city" jdbcType="VARCHAR" />
    <result column="area" property="area" jdbcType="VARCHAR" />
  </resultMap>
  <select id="findAllIsByAreaId" resultMap="BaseResultMap">
        select i.*,p.provinceID,p.province,c.cityID,c.city,a.area
        from inoculation_site i,province p
        left join city c
        on p.provinceID=c.father
        left join area a
        on c.cityID=a.father
        where a.areaID=i.areaId
  </select>
</mapper>