<?xml version="1.0" encoding="UTF-8" ?>
<!DOCTYPE mapper PUBLIC "-//mybatis.org//DTD Mapper 3.0//EN" "http://mybatis.org/dtd/mybatis-3-mapper.dtd" >
<mapper namespace="com.vacc.web.mapper.InoculationSiteMapper" >
  <resultMap id="BaseResultMap" type="com.vacc.web.pojo.InoculationSite" >
    <id column="InoculationId" property="inoculationid" jdbcType="BIGINT" />
    <result column="areaId" property="areaid" jdbcType="INTEGER" />
    <result column="Detailed_address" property="detailedAddress" jdbcType="VARCHAR" />
    <result column="InoculationName" property="inoculationname" jdbcType="VARCHAR" />
    <result column="Starttime" property="starttime" jdbcType="TIMESTAMP" />
    <result column="Endtime" property="endtime" jdbcType="TIMESTAMP" />
  </resultMap>
  <sql id="Example_Where_Clause" >
    <where >
      <foreach collection="oredCriteria" item="criteria" separator="or" >
        <if test="criteria.valid" >
          <trim prefix="(" suffix=")" prefixOverrides="and" >
            <foreach collection="criteria.criteria" item="criterion" >
              <choose >
                <when test="criterion.noValue" >
                  and ${criterion.condition}
                </when>
                <when test="criterion.singleValue" >
                  and ${criterion.condition} #{criterion.value}
                </when>
                <when test="criterion.betweenValue" >
                  and ${criterion.condition} #{criterion.value} and #{criterion.secondValue}
                </when>
                <when test="criterion.listValue" >
                  and ${criterion.condition}
                  <foreach collection="criterion.value" item="listItem" open="(" close=")" separator="," >
                    #{listItem}
                  </foreach>
                </when>
              </choose>
            </foreach>
          </trim>
        </if>
      </foreach>
    </where>
  </sql>
  <sql id="Update_By_Example_Where_Clause" >
    <where >
      <foreach collection="example.oredCriteria" item="criteria" separator="or" >
        <if test="criteria.valid" >
          <trim prefix="(" suffix=")" prefixOverrides="and" >
            <foreach collection="criteria.criteria" item="criterion" >
              <choose >
                <when test="criterion.noValue" >
                  and ${criterion.condition}
                </when>
                <when test="criterion.singleValue" >
                  and ${criterion.condition} #{criterion.value}
                </when>
                <when test="criterion.betweenValue" >
                  and ${criterion.condition} #{criterion.value} and #{criterion.secondValue}
                </when>
                <when test="criterion.listValue" >
                  and ${criterion.condition}
                  <foreach collection="criterion.value" item="listItem" open="(" close=")" separator="," >
                    #{listItem}
                  </foreach>
                </when>
              </choose>
            </foreach>
          </trim>
        </if>
      </foreach>
    </where>
  </sql>
  <sql id="Base_Column_List" >
    InoculationId, areaId, Detailed_address, InoculationName, Starttime, Endtime
  </sql>
  <select id="selectByExample" resultMap="BaseResultMap" parameterType="com.vacc.web.pojo.InoculationSiteExample" >
    select
    <if test="distinct" >
      distinct
    </if>
    <include refid="Base_Column_List" />
    from inoculation_site
    <if test="_parameter != null" >
      <include refid="Example_Where_Clause" />
    </if>
    <if test="orderByClause != null" >
      order by ${orderByClause}
    </if>
  </select>
  <select id="selectByPrimaryKey" resultMap="BaseResultMap" parameterType="java.lang.Long" >
    select 
    <include refid="Base_Column_List" />
    from inoculation_site
    where InoculationId = #{inoculationid,jdbcType=BIGINT}
  </select>
  <delete id="deleteByPrimaryKey" parameterType="java.lang.Long" >
    delete from inoculation_site
    where InoculationId = #{inoculationid,jdbcType=BIGINT}
  </delete>
  <delete id="deleteByExample" parameterType="com.vacc.web.pojo.InoculationSiteExample" >
    delete from inoculation_site
    <if test="_parameter != null" >
      <include refid="Example_Where_Clause" />
    </if>
  </delete>
  <insert id="insert" parameterType="com.vacc.web.pojo.InoculationSite" >
    insert into inoculation_site (InoculationId, areaId, Detailed_address, 
      InoculationName, Starttime, Endtime
      )
    values (#{inoculationid,jdbcType=BIGINT}, #{areaid,jdbcType=INTEGER}, #{detailedAddress,jdbcType=VARCHAR}, 
      #{inoculationname,jdbcType=VARCHAR}, #{starttime,jdbcType=TIMESTAMP}, #{endtime,jdbcType=TIMESTAMP}
      )
  </insert>
  <insert id="insertSelective" parameterType="com.vacc.web.pojo.InoculationSite" >
    insert into inoculation_site
    <trim prefix="(" suffix=")" suffixOverrides="," >
      <if test="inoculationid != null" >
        InoculationId,
      </if>
      <if test="areaid != null" >
        areaId,
      </if>
      <if test="detailedAddress != null" >
        Detailed_address,
      </if>
      <if test="inoculationname != null" >
        InoculationName,
      </if>
      <if test="starttime != null" >
        Starttime,
      </if>
      <if test="endtime != null" >
        Endtime,
      </if>
    </trim>
    <trim prefix="values (" suffix=")" suffixOverrides="," >
      <if test="inoculationid != null" >
        #{inoculationid,jdbcType=BIGINT},
      </if>
      <if test="areaid != null" >
        #{areaid,jdbcType=INTEGER},
      </if>
      <if test="detailedAddress != null" >
        #{detailedAddress,jdbcType=VARCHAR},
      </if>
      <if test="inoculationname != null" >
        #{inoculationname,jdbcType=VARCHAR},
      </if>
      <if test="starttime != null" >
        #{starttime,jdbcType=TIMESTAMP},
      </if>
      <if test="endtime != null" >
        #{endtime,jdbcType=TIMESTAMP},
      </if>
    </trim>
  </insert>
  <select id="countByExample" parameterType="com.vacc.web.pojo.InoculationSiteExample" resultType="java.lang.Integer" >
    select count(*) from inoculation_site
    <if test="_parameter != null" >
      <include refid="Example_Where_Clause" />
    </if>
  </select>
  <update id="updateByExampleSelective" parameterType="map" >
    update inoculation_site
    <set >
      <if test="record.inoculationid != null" >
        InoculationId = #{record.inoculationid,jdbcType=BIGINT},
      </if>
      <if test="record.areaid != null" >
        areaId = #{record.areaid,jdbcType=INTEGER},
      </if>
      <if test="record.detailedAddress != null" >
        Detailed_address = #{record.detailedAddress,jdbcType=VARCHAR},
      </if>
      <if test="record.inoculationname != null" >
        InoculationName = #{record.inoculationname,jdbcType=VARCHAR},
      </if>
      <if test="record.starttime != null" >
        Starttime = #{record.starttime,jdbcType=TIMESTAMP},
      </if>
      <if test="record.endtime != null" >
        Endtime = #{record.endtime,jdbcType=TIMESTAMP},
      </if>
    </set>
    <if test="_parameter != null" >
      <include refid="Update_By_Example_Where_Clause" />
    </if>
  </update>
  <update id="updateByExample" parameterType="map" >
    update inoculation_site
    set InoculationId = #{record.inoculationid,jdbcType=BIGINT},
      areaId = #{record.areaid,jdbcType=INTEGER},
      Detailed_address = #{record.detailedAddress,jdbcType=VARCHAR},
      InoculationName = #{record.inoculationname,jdbcType=VARCHAR},
      Starttime = #{record.starttime,jdbcType=TIMESTAMP},
      Endtime = #{record.endtime,jdbcType=TIMESTAMP}
    <if test="_parameter != null" >
      <include refid="Update_By_Example_Where_Clause" />
    </if>
  </update>
  <update id="updateByPrimaryKeySelective" parameterType="com.vacc.web.pojo.InoculationSite" >
    update inoculation_site
    <set >
      <if test="areaid != null" >
        areaId = #{areaid,jdbcType=INTEGER},
      </if>
      <if test="detailedAddress != null" >
        Detailed_address = #{detailedAddress,jdbcType=VARCHAR},
      </if>
      <if test="inoculationname != null" >
        InoculationName = #{inoculationname,jdbcType=VARCHAR},
      </if>
      <if test="starttime != null" >
        Starttime = #{starttime,jdbcType=TIMESTAMP},
      </if>
      <if test="endtime != null" >
        Endtime = #{endtime,jdbcType=TIMESTAMP},
      </if>
    </set>
    where InoculationId = #{inoculationid,jdbcType=BIGINT}
  </update>
  <update id="updateByPrimaryKey" parameterType="com.vacc.web.pojo.InoculationSite" >
    update inoculation_site
    set areaId = #{areaid,jdbcType=INTEGER},
      Detailed_address = #{detailedAddress,jdbcType=VARCHAR},
      InoculationName = #{inoculationname,jdbcType=VARCHAR},
      Starttime = #{starttime,jdbcType=TIMESTAMP},
      Endtime = #{endtime,jdbcType=TIMESTAMP}
    where InoculationId = #{inoculationid,jdbcType=BIGINT}
  </update>


</mapper>