<?xml version="1.0" encoding="UTF-8" ?>
<!DOCTYPE mapper PUBLIC "-//mybatis.org//DTD Mapper 3.0//EN" "http://mybatis.org/dtd/mybatis-3-mapper.dtd" >
<mapper namespace="com.vacc.web.mapper.InoculationHistoryMapper" >
  <resultMap id="BaseResultMap" type="com.vacc.web.pojo.InoculationHistory" >
    <id column="historyId" property="historyid" jdbcType="BIGINT" />
    <result column="Num" property="num" jdbcType="INTEGER" />
    <result column="vaccinesId" property="vaccinesid" jdbcType="BIGINT" />
    <result column="InoculationId" property="inoculationid" jdbcType="BIGINT" />
    <result column="Inoculation_time" property="inoculationTime" jdbcType="TIMESTAMP" />
    <result column="UserId" property="userid" jdbcType="BIGINT" />
  </resultMap>
  <sql id="Example_Where_Clause" >
    <where >
      <foreach collection="oredCriteria" item="criteria" separator="or" >
        <if test="criteria.valid" >
          <trim prefix="(" suffix=")" prefixOverrides="and" >
            <foreach collection="criteria.criteria" item="criterion" >
              <choose >
                <when test="criterion.noValue" >
                  and ${criterion.condition}
                </when>
                <when test="criterion.singleValue" >
                  and ${criterion.condition} #{criterion.value}
                </when>
                <when test="criterion.betweenValue" >
                  and ${criterion.condition} #{criterion.value} and #{criterion.secondValue}
                </when>
                <when test="criterion.listValue" >
                  and ${criterion.condition}
                  <foreach collection="criterion.value" item="listItem" open="(" close=")" separator="," >
                    #{listItem}
                  </foreach>
                </when>
              </choose>
            </foreach>
          </trim>
        </if>
      </foreach>
    </where>
  </sql>
  <sql id="Update_By_Example_Where_Clause" >
    <where >
      <foreach collection="example.oredCriteria" item="criteria" separator="or" >
        <if test="criteria.valid" >
          <trim prefix="(" suffix=")" prefixOverrides="and" >
            <foreach collection="criteria.criteria" item="criterion" >
              <choose >
                <when test="criterion.noValue" >
                  and ${criterion.condition}
                </when>
                <when test="criterion.singleValue" >
                  and ${criterion.condition} #{criterion.value}
                </when>
                <when test="criterion.betweenValue" >
                  and ${criterion.condition} #{criterion.value} and #{criterion.secondValue}
                </when>
                <when test="criterion.listValue" >
                  and ${criterion.condition}
                  <foreach collection="criterion.value" item="listItem" open="(" close=")" separator="," >
                    #{listItem}
                  </foreach>
                </when>
              </choose>
            </foreach>
          </trim>
        </if>
      </foreach>
    </where>
  </sql>
  <sql id="Base_Column_List" >
    historyId, Num, vaccinesId, InoculationId, Inoculation_time, UserId
  </sql>
  <select id="selectByExample" resultMap="BaseResultMap" parameterType="com.vacc.web.pojo.InoculationHistoryExample" >
    select
    <if test="distinct" >
      distinct
    </if>
    <include refid="Base_Column_List" />
    from inoculation_history
    <if test="_parameter != null" >
      <include refid="Example_Where_Clause" />
    </if>
    <if test="orderByClause != null" >
      order by ${orderByClause}
    </if>
  </select>
  <select id="selectByPrimaryKey" resultMap="BaseResultMap" parameterType="java.lang.Long" >
    select 
    <include refid="Base_Column_List" />
    from inoculation_history
    where historyId = #{historyid,jdbcType=BIGINT}
  </select>
  <delete id="deleteByPrimaryKey" parameterType="java.lang.Long" >
    delete from inoculation_history
    where historyId = #{historyid,jdbcType=BIGINT}
  </delete>
  <delete id="deleteByExample" parameterType="com.vacc.web.pojo.InoculationHistoryExample" >
    delete from inoculation_history
    <if test="_parameter != null" >
      <include refid="Example_Where_Clause" />
    </if>
  </delete>
  <insert id="insert" parameterType="com.vacc.web.pojo.InoculationHistory" >
    insert into inoculation_history (historyId, Num, vaccinesId, 
      InoculationId, Inoculation_time, UserId
      )
    values (#{historyid,jdbcType=BIGINT}, #{num,jdbcType=INTEGER}, #{vaccinesid,jdbcType=BIGINT}, 
      #{inoculationid,jdbcType=BIGINT}, #{inoculationTime,jdbcType=TIMESTAMP}, #{userid,jdbcType=BIGINT}
      )
  </insert>
  <insert id="insertSelective" parameterType="com.vacc.web.pojo.InoculationHistory" >
    insert into inoculation_history
    <trim prefix="(" suffix=")" suffixOverrides="," >
      <if test="historyid != null" >
        historyId,
      </if>
      <if test="num != null" >
        Num,
      </if>
      <if test="vaccinesid != null" >
        vaccinesId,
      </if>
      <if test="inoculationid != null" >
        InoculationId,
      </if>
      <if test="inoculationTime != null" >
        Inoculation_time,
      </if>
      <if test="userid != null" >
        UserId,
      </if>
    </trim>
    <trim prefix="values (" suffix=")" suffixOverrides="," >
      <if test="historyid != null" >
        #{historyid,jdbcType=BIGINT},
      </if>
      <if test="num != null" >
        #{num,jdbcType=INTEGER},
      </if>
      <if test="vaccinesid != null" >
        #{vaccinesid,jdbcType=BIGINT},
      </if>
      <if test="inoculationid != null" >
        #{inoculationid,jdbcType=BIGINT},
      </if>
      <if test="inoculationTime != null" >
        #{inoculationTime,jdbcType=TIMESTAMP},
      </if>
      <if test="userid != null" >
        #{userid,jdbcType=BIGINT},
      </if>
    </trim>
  </insert>
  <select id="countByExample" parameterType="com.vacc.web.pojo.InoculationHistoryExample" resultType="java.lang.Integer" >
    select count(*) from inoculation_history
    <if test="_parameter != null" >
      <include refid="Example_Where_Clause" />
    </if>
  </select>
  <update id="updateByExampleSelective" parameterType="map" >
    update inoculation_history
    <set >
      <if test="record.historyid != null" >
        historyId = #{record.historyid,jdbcType=BIGINT},
      </if>
      <if test="record.num != null" >
        Num = #{record.num,jdbcType=INTEGER},
      </if>
      <if test="record.vaccinesid != null" >
        vaccinesId = #{record.vaccinesid,jdbcType=BIGINT},
      </if>
      <if test="record.inoculationid != null" >
        InoculationId = #{record.inoculationid,jdbcType=BIGINT},
      </if>
      <if test="record.inoculationTime != null" >
        Inoculation_time = #{record.inoculationTime,jdbcType=TIMESTAMP},
      </if>
      <if test="record.userid != null" >
        UserId = #{record.userid,jdbcType=BIGINT},
      </if>
    </set>
    <if test="_parameter != null" >
      <include refid="Update_By_Example_Where_Clause" />
    </if>
  </update>
  <update id="updateByExample" parameterType="map" >
    update inoculation_history
    set historyId = #{record.historyid,jdbcType=BIGINT},
      Num = #{record.num,jdbcType=INTEGER},
      vaccinesId = #{record.vaccinesid,jdbcType=BIGINT},
      InoculationId = #{record.inoculationid,jdbcType=BIGINT},
      Inoculation_time = #{record.inoculationTime,jdbcType=TIMESTAMP},
      UserId = #{record.userid,jdbcType=BIGINT}
    <if test="_parameter != null" >
      <include refid="Update_By_Example_Where_Clause" />
    </if>
  </update>
  <update id="updateByPrimaryKeySelective" parameterType="com.vacc.web.pojo.InoculationHistory" >
    update inoculation_history
    <set >
      <if test="num != null" >
        Num = #{num,jdbcType=INTEGER},
      </if>
      <if test="vaccinesid != null" >
        vaccinesId = #{vaccinesid,jdbcType=BIGINT},
      </if>
      <if test="inoculationid != null" >
        InoculationId = #{inoculationid,jdbcType=BIGINT},
      </if>
      <if test="inoculationTime != null" >
        Inoculation_time = #{inoculationTime,jdbcType=TIMESTAMP},
      </if>
      <if test="userid != null" >
        UserId = #{userid,jdbcType=BIGINT},
      </if>
    </set>
    where historyId = #{historyid,jdbcType=BIGINT}
  </update>
  <update id="updateByPrimaryKey" parameterType="com.vacc.web.pojo.InoculationHistory" >
    update inoculation_history
    set Num = #{num,jdbcType=INTEGER},
      vaccinesId = #{vaccinesid,jdbcType=BIGINT},
      InoculationId = #{inoculationid,jdbcType=BIGINT},
      Inoculation_time = #{inoculationTime,jdbcType=TIMESTAMP},
      UserId = #{userid,jdbcType=BIGINT}
    where historyId = #{historyid,jdbcType=BIGINT}
  </update>
</mapper>