<?xml version="1.0" encoding="UTF-8" ?>
<!DOCTYPE mapper PUBLIC "-//mybatis.org//DTD Mapper 3.0//EN" "http://mybatis.org/dtd/mybatis-3-mapper.dtd" >
<mapper namespace="com.vacc.web.mapper.InoculationHistoryMapper2" >
  <resultMap id="BaseResultMap" type="com.vacc.web.pojo.InoculationHistory2" >
    <id column="historyId" property="historyid" jdbcType="BIGINT" />
    <result column="Num" property="num" jdbcType="INTEGER" />
    <result column="vaccinesName" property="vaccinesname" jdbcType="VARCHAR" />
    <result column="InoculationName" property="inoculationname" jdbcType="VARCHAR" />
    <result column="Inoculation_time" property="inoculationTime" jdbcType="TIMESTAMP" />
  </resultMap>
  <select id="findAllInoculationHistory" resultMap="BaseResultMap">
    select i.historyId,i.Num,i.Inoculation_time,v.vaccinesName,s.InoculationName
    from inoculation_history i
    left join vaccines v
    on i.vaccinesId=v.vaccinesId
    left join inoculation_site s
    on i.InoculationId=s.InoculationId
    where i.UserId=#{userid}
  </select>
</mapper>