<?xml version="1.0" encoding="UTF-8"?>
<!DOCTYPE mapper PUBLIC "-//mybatis.org//DTD Mapper 3.0//EN" "http://mybatis.org/dtd/mybatis-3-mapper.dtd">
<mapper namespace="com.vacc.web.mapper.ISiteAndVaccMapper">
  <resultMap id="BaseResultMap" type="com.vacc.web.pojo.ISiteAndVacc">
    <id column="id" jdbcType="BIGINT" property="id" />
    <result column="InoculationId" jdbcType="BIGINT" property="inoculationid" />
    <result column="vaccinesId" jdbcType="BIGINT" property="vaccinesid" />
    <result column="inventory" jdbcType="INTEGER" property="inventory" />
    <result column="vaccinesName" property="vaccinesname" jdbcType="VARCHAR" />
    <result column="manufactor" property="manufactor" jdbcType="VARCHAR" />
    <result column="InoculationName" property="inoculationname" jdbcType="VARCHAR" />
    <result column="Starttime" property="starttime" jdbcType="TIMESTAMP" />
    <result column="Endtime" property="endtime" jdbcType="TIMESTAMP" />
  </resultMap>

  <select id="findAllISiteAndVacc" resultMap="BaseResultMap">
    select i.*,v.vaccinesName,v.manufactor,s.InoculationName,s.Starttime,s.Endtime
    from i_vaccines i
    left join vaccines v
    on v.vaccinesId=i.vaccinesId
    left join inoculation_site s
    on i.InoculationId=s.InoculationId
    <where>
      <if test="vaccinesname!='' and vaccinesname!=null">
        and v.vaccinesName like concat('%',#{vaccinesname},'%')
      </if>
      <if test="manufactor!='' and manufactor!=null">
        and v.manufactor like concat('%',#{manufactor},'%')
      </if>
      <if test="inoculationname!='' and inoculationname!=null">
        and s.inoculationname like concat('%',#{inoculationname},'%')
      </if>
      <if test="starttime!=null">
        and s.starttime > #{starttime}
      </if>

    </where>
  </select>

  <select id="addiSiteAndVaccById" resultMap="BaseResultMap">
      select i.id,v.vaccinesName,s.InoculationName,s.Starttime,s.Endtime,i.InoculationId,v.vaccinesId
      from i_vaccines i
      left join inoculation_site s
      on i.InoculationId=s.InoculationId
      left join vaccines v
      on i.vaccinesId=v.vaccinesId
      where i.id=#{id}
  </select>
</mapper>