<?xml version="1.0" encoding="UTF-8"?>
<!DOCTYPE mapper PUBLIC "-//mybatis.org//DTD Mapper 3.0//EN" "http://mybatis.org/dtd/mybatis-3-mapper.dtd">
<mapper namespace="com.vacc.web.mapper.IVaccinesMapper">
  <resultMap id="BaseResultMap" type="com.vacc.web.pojo.IVaccines">
    <id column="id" jdbcType="BIGINT" property="id" />
    <result column="InoculationId" jdbcType="BIGINT" property="inoculationid" />
    <result column="vaccinesId" jdbcType="BIGINT" property="vaccinesid" />
    <result column="inventory" jdbcType="INTEGER" property="inventory" />
  </resultMap>
  <sql id="Example_Where_Clause">
    <where>
      <foreach collection="oredCriteria" item="criteria" separator="or">
        <if test="criteria.valid">
          <trim prefix="(" prefixOverrides="and" suffix=")">
            <foreach collection="criteria.criteria" item="criterion">
              <choose>
                <when test="criterion.noValue">
                  and ${criterion.condition}
                </when>
                <when test="criterion.singleValue">
                  and ${criterion.condition} #{criterion.value}
                </when>
                <when test="criterion.betweenValue">
                  and ${criterion.condition} #{criterion.value} and #{criterion.secondValue}
                </when>
                <when test="criterion.listValue">
                  and ${criterion.condition}
                  <foreach close=")" collection="criterion.value" item="listItem" open="(" separator=",">
                    #{listItem}
                  </foreach>
                </when>
              </choose>
            </foreach>
          </trim>
        </if>
      </foreach>
    </where>
  </sql>
  <sql id="Update_By_Example_Where_Clause">
    <where>
      <foreach collection="example.oredCriteria" item="criteria" separator="or">
        <if test="criteria.valid">
          <trim prefix="(" prefixOverrides="and" suffix=")">
            <foreach collection="criteria.criteria" item="criterion">
              <choose>
                <when test="criterion.noValue">
                  and ${criterion.condition}
                </when>
                <when test="criterion.singleValue">
                  and ${criterion.condition} #{criterion.value}
                </when>
                <when test="criterion.betweenValue">
                  and ${criterion.condition} #{criterion.value} and #{criterion.secondValue}
                </when>
                <when test="criterion.listValue">
                  and ${criterion.condition}
                  <foreach close=")" collection="criterion.value" item="listItem" open="(" separator=",">
                    #{listItem}
                  </foreach>
                </when>
              </choose>
            </foreach>
          </trim>
        </if>
      </foreach>
    </where>
  </sql>
  <sql id="Base_Column_List">
    id, InoculationId, vaccinesId, inventory
  </sql>
  <select id="selectByExample" parameterType="com.vacc.web.pojo.IVaccinesExample" resultMap="BaseResultMap">
    select
    <if test="distinct">
      distinct
    </if>
    <include refid="Base_Column_List" />
    from i_vaccines
    <if test="_parameter != null">
      <include refid="Example_Where_Clause" />
    </if>
    <if test="orderByClause != null">
      order by ${orderByClause}
    </if>
  </select>
  <select id="selectByPrimaryKey" parameterType="java.lang.Long" resultMap="BaseResultMap">
    select 
    <include refid="Base_Column_List" />
    from i_vaccines
    where id = #{id,jdbcType=BIGINT}
  </select>
  <delete id="deleteByPrimaryKey" parameterType="java.lang.Long">
    delete from i_vaccines
    where id = #{id,jdbcType=BIGINT}
  </delete>
  <delete id="deleteByExample" parameterType="com.vacc.web.pojo.IVaccinesExample">
    delete from i_vaccines
    <if test="_parameter != null">
      <include refid="Example_Where_Clause" />
    </if>
  </delete>
  <insert id="insert" parameterType="com.vacc.web.pojo.IVaccines">
    insert into i_vaccines (id, InoculationId, vaccinesId, 
      inventory)
    values (#{id,jdbcType=BIGINT}, #{inoculationid,jdbcType=BIGINT}, #{vaccinesid,jdbcType=BIGINT}, 
      #{inventory,jdbcType=INTEGER})
  </insert>
  <insert id="insertSelective" parameterType="com.vacc.web.pojo.IVaccines">
    insert into i_vaccines
    <trim prefix="(" suffix=")" suffixOverrides=",">
      <if test="id != null">
        id,
      </if>
      <if test="inoculationid != null">
        InoculationId,
      </if>
      <if test="vaccinesid != null">
        vaccinesId,
      </if>
      <if test="inventory != null">
        inventory,
      </if>
    </trim>
    <trim prefix="values (" suffix=")" suffixOverrides=",">
      <if test="id != null">
        #{id,jdbcType=BIGINT},
      </if>
      <if test="inoculationid != null">
        #{inoculationid,jdbcType=BIGINT},
      </if>
      <if test="vaccinesid != null">
        #{vaccinesid,jdbcType=BIGINT},
      </if>
      <if test="inventory != null">
        #{inventory,jdbcType=INTEGER},
      </if>
    </trim>
  </insert>
  <select id="countByExample" parameterType="com.vacc.web.pojo.IVaccinesExample" resultType="java.lang.Integer">
    select count(*) from i_vaccines
    <if test="_parameter != null">
      <include refid="Example_Where_Clause" />
    </if>
  </select>
  <update id="updateByExampleSelective" parameterType="map">
    update i_vaccines
    <set>
      <if test="record.id != null">
        id = #{record.id,jdbcType=BIGINT},
      </if>
      <if test="record.inoculationid != null">
        InoculationId = #{record.inoculationid,jdbcType=BIGINT},
      </if>
      <if test="record.vaccinesid != null">
        vaccinesId = #{record.vaccinesid,jdbcType=BIGINT},
      </if>
      <if test="record.inventory != null">
        inventory = #{record.inventory,jdbcType=INTEGER},
      </if>
    </set>
    <if test="_parameter != null">
      <include refid="Update_By_Example_Where_Clause" />
    </if>
  </update>
  <update id="updateByExample" parameterType="map">
    update i_vaccines
    set id = #{record.id,jdbcType=BIGINT},
      InoculationId = #{record.inoculationid,jdbcType=BIGINT},
      vaccinesId = #{record.vaccinesid,jdbcType=BIGINT},
      inventory = #{record.inventory,jdbcType=INTEGER}
    <if test="_parameter != null">
      <include refid="Update_By_Example_Where_Clause" />
    </if>
  </update>
  <update id="updateByPrimaryKeySelective" parameterType="com.vacc.web.pojo.IVaccines">
    update i_vaccines
    <set>
      <if test="inoculationid != null">
        InoculationId = #{inoculationid,jdbcType=BIGINT},
      </if>
      <if test="vaccinesid != null">
        vaccinesId = #{vaccinesid,jdbcType=BIGINT},
      </if>
      <if test="inventory != null">
        inventory = #{inventory,jdbcType=INTEGER},
      </if>
    </set>
    where id = #{id,jdbcType=BIGINT}
  </update>
  <update id="updateByPrimaryKey" parameterType="com.vacc.web.pojo.IVaccines">
    update i_vaccines
    set InoculationId = #{inoculationid,jdbcType=BIGINT},
      vaccinesId = #{vaccinesid,jdbcType=BIGINT},
      inventory = #{inventory,jdbcType=INTEGER}
    where id = #{id,jdbcType=BIGINT}
  </update>
  <update id="deleteOne">
    update i_vaccines
    set inventory=inventory-1
    where  id = #{id}
  </update>
  <update id="addOne">
    update i_vaccines
    set inventory=inventory+1
    where  id = #{id}
  </update>
</mapper>