<?xml version="1.0" encoding="UTF-8" ?>
<!DOCTYPE mapper PUBLIC "-//mybatis.org//DTD Mapper 3.0//EN" "http://mybatis.org/dtd/mybatis-3-mapper.dtd" >
<mapper namespace="com.vacc.web.mapper.NucleicAndDectionMapper" >
  <resultMap id="BaseResultMap" type="com.vacc.web.pojo.NucleicAndDection" >
    <id column="Id" property="id" jdbcType="BIGINT" />
    <result column="time" property="time" jdbcType="TIMESTAMP" />
    <result column="endtime" property="endtime" jdbcType="TIMESTAMP" />
    <result column="result" property="result" jdbcType="TINYINT" />
    <result column="userid" property="userid" jdbcType="BIGINT" />
    <result column="detectionid" property="detectionid" jdbcType="BIGINT" />
    <result column="name" property="name" jdbcType="VARCHAR" />
    <result column="userName" property="userName" jdbcType="VARCHAR" />
    <result column="tel" property="tel" jdbcType="VARCHAR" />
    <result column="idCard" property="idCard" jdbcType="VARCHAR" />
  </resultMap>
  <select id="selectMyNucleicResult" parameterType="Long" resultMap="BaseResultMap">
    select n.*,d.name,u.name userName,u.tel,u.idCard
    from nucleic_test n left join detection_point d
    on n.detectionid=d.Detectionid left join user u on n.userid=u.Id
    where u.Id=#{userid};
  </select>
  <select id="selectAllNucleicResult" resultMap="BaseResultMap">
     select n.*,d.name,u.name userName,u.tel,u.idCard
    from nucleic_test n left join detection_point d
    on n.detectionid=d.Detectionid left join user u on n.userid=u.Id
  </select>
</mapper>