<?xml version="1.0" encoding="UTF-8" ?>
<!DOCTYPE mapper PUBLIC "-//mybatis.org//DTD Mapper 3.0//EN" "http://mybatis.org/dtd/mybatis-3-mapper.dtd" >
<mapper namespace="com.vacc.web.mapper.NucleicTestMapper" >
  <resultMap id="BaseResultMap" type="com.vacc.web.pojo.NucleicTest" >
    <id column="Id" property="id" jdbcType="BIGINT" />
    <result column="time" property="time" jdbcType="TIMESTAMP" />
    <result column="endtime" property="endtime" jdbcType="TIMESTAMP" />
    <result column="result" property="result" jdbcType="TINYINT" />
    <result column="userid" property="userid" jdbcType="BIGINT" />
    <result column="detectionid" property="detectionid" jdbcType="BIGINT" />
    <association property="detectionPoint" javaType="com.vacc.web.pojo.DetectionPoint">
      <result column="areaId" property="areaid" jdbcType="BIGINT" />
      <result column="Detailed_address" property="detailedAddress" jdbcType="VARCHAR" />
      <result column="name" property="name" jdbcType="VARCHAR" />
    </association>
    <association property="user" javaType="com.vacc.web.pojo.User">
      <result column="userName" property="name" jdbcType="VARCHAR" />
      <result column="sex" property="sex" jdbcType="VARCHAR" />
      <result column="tel" property="tel" jdbcType="VARCHAR" />
      <result column="idCard" property="idcard" jdbcType="VARCHAR" />
      <result column="Detailed_address" property="detailedAddress" jdbcType="VARCHAR" />
    </association>
  </resultMap>
  <sql id="Example_Where_Clause" >
    <where >
      <foreach collection="oredCriteria" item="criteria" separator="or" >
        <if test="criteria.valid" >
          <trim prefix="(" suffix=")" prefixOverrides="and" >
            <foreach collection="criteria.criteria" item="criterion" >
              <choose >
                <when test="criterion.noValue" >
                  and ${criterion.condition}
                </when>
                <when test="criterion.singleValue" >
                  and ${criterion.condition} #{criterion.value}
                </when>
                <when test="criterion.betweenValue" >
                  and ${criterion.condition} #{criterion.value} and #{criterion.secondValue}
                </when>
                <when test="criterion.listValue" >
                  and ${criterion.condition}
                  <foreach collection="criterion.value" item="listItem" open="(" close=")" separator="," >
                    #{listItem}
                  </foreach>
                </when>
              </choose>
            </foreach>
          </trim>
        </if>
      </foreach>
    </where>
  </sql>
  <sql id="Update_By_Example_Where_Clause" >
    <where >
      <foreach collection="example.oredCriteria" item="criteria" separator="or" >
        <if test="criteria.valid" >
          <trim prefix="(" suffix=")" prefixOverrides="and" >
            <foreach collection="criteria.criteria" item="criterion" >
              <choose >
                <when test="criterion.noValue" >
                  and ${criterion.condition}
                </when>
                <when test="criterion.singleValue" >
                  and ${criterion.condition} #{criterion.value}
                </when>
                <when test="criterion.betweenValue" >
                  and ${criterion.condition} #{criterion.value} and #{criterion.secondValue}
                </when>
                <when test="criterion.listValue" >
                  and ${criterion.condition}
                  <foreach collection="criterion.value" item="listItem" open="(" close=")" separator="," >
                    #{listItem}
                  </foreach>
                </when>
              </choose>
            </foreach>
          </trim>
        </if>
      </foreach>
    </where>
  </sql>
  <sql id="Base_Column_List" >
    Id, time, endtime, result, userid, detectionid
  </sql>
  <select id="selectByExample" resultMap="BaseResultMap" parameterType="com.vacc.web.pojo.NucleicTestExample" >
    select
    <if test="distinct" >
      distinct
    </if>
    <include refid="Base_Column_List" />
    from nucleic_test
    <if test="_parameter != null" >
      <include refid="Example_Where_Clause" />
    </if>
    <if test="orderByClause != null" >
      order by ${orderByClause}
    </if>
  </select>
  <select id="selectByPrimaryKey" resultMap="BaseResultMap" parameterType="java.lang.Long" >
    select 
    <include refid="Base_Column_List" />
    from nucleic_test
    where Id = #{id,jdbcType=BIGINT}
  </select>
  <delete id="deleteByPrimaryKey" parameterType="java.lang.Long" >
    delete from nucleic_test
    where Id = #{id,jdbcType=BIGINT}
  </delete>
  <delete id="deleteByExample" parameterType="com.vacc.web.pojo.NucleicTestExample" >
    delete from nucleic_test
    <if test="_parameter != null" >
      <include refid="Example_Where_Clause" />
    </if>
  </delete>
  <insert id="insert" parameterType="com.vacc.web.pojo.NucleicTest" >
    insert into nucleic_test (Id, time, endtime, 
      result, userid, detectionid
      )
    values (#{id,jdbcType=BIGINT}, #{time,jdbcType=TIMESTAMP}, #{endtime,jdbcType=TIMESTAMP}, 
      #{result,jdbcType=TINYINT}, #{userid,jdbcType=BIGINT}, #{detectionid,jdbcType=BIGINT}
      )
  </insert>
  <insert id="insertSelective" parameterType="com.vacc.web.pojo.NucleicTest" >
    insert into nucleic_test
    <trim prefix="(" suffix=")" suffixOverrides="," >
      <if test="id != null" >
        Id,
      </if>
      <if test="time != null" >
        time,
      </if>
      <if test="endtime != null" >
        endtime,
      </if>
      <if test="result != null" >
        result,
      </if>
      <if test="userid != null" >
        userid,
      </if>
      <if test="detectionid != null" >
        detectionid,
      </if>
    </trim>
    <trim prefix="values (" suffix=")" suffixOverrides="," >
      <if test="id != null" >
        #{id,jdbcType=BIGINT},
      </if>
      <if test="time != null" >
        #{time,jdbcType=TIMESTAMP},
      </if>
      <if test="endtime != null" >
        #{endtime,jdbcType=TIMESTAMP},
      </if>
      <if test="result != null" >
        #{result,jdbcType=TINYINT},
      </if>
      <if test="userid != null" >
        #{userid,jdbcType=BIGINT},
      </if>
      <if test="detectionid != null" >
        #{detectionid,jdbcType=BIGINT},
      </if>
    </trim>
  </insert>
  <select id="countByExample" parameterType="com.vacc.web.pojo.NucleicTestExample" resultType="java.lang.Integer" >
    select count(*) from nucleic_test
    <if test="_parameter != null" >
      <include refid="Example_Where_Clause" />
    </if>
  </select>
  <update id="updateByExampleSelective" parameterType="map" >
    update nucleic_test
    <set >
      <if test="record.id != null" >
        Id = #{record.id,jdbcType=BIGINT},
      </if>
      <if test="record.time != null" >
        time = #{record.time,jdbcType=TIMESTAMP},
      </if>
      <if test="record.endtime != null" >
        endtime = #{record.endtime,jdbcType=TIMESTAMP},
      </if>
      <if test="record.result != null" >
        result = #{record.result,jdbcType=TINYINT},
      </if>
      <if test="record.userid != null" >
        userid = #{record.userid,jdbcType=BIGINT},
      </if>
      <if test="record.detectionid != null" >
        detectionid = #{record.detectionid,jdbcType=BIGINT},
      </if>
    </set>
    <if test="_parameter != null" >
      <include refid="Update_By_Example_Where_Clause" />
    </if>
  </update>
  <update id="updateByExample" parameterType="map" >
    update nucleic_test
    set Id = #{record.id,jdbcType=BIGINT},
      time = #{record.time,jdbcType=TIMESTAMP},
      endtime = #{record.endtime,jdbcType=TIMESTAMP},
      result = #{record.result,jdbcType=TINYINT},
      userid = #{record.userid,jdbcType=BIGINT},
      detectionid = #{record.detectionid,jdbcType=BIGINT}
    <if test="_parameter != null" >
      <include refid="Update_By_Example_Where_Clause" />
    </if>
  </update>
  <update id="updateByPrimaryKeySelective" parameterType="com.vacc.web.pojo.NucleicTest" >
    update nucleic_test
    <set >
      <if test="time != null" >
        time = #{time,jdbcType=TIMESTAMP},
      </if>
      <if test="endtime != null" >
        endtime = #{endtime,jdbcType=TIMESTAMP},
      </if>
      <if test="result != null" >
        result = #{result,jdbcType=TINYINT},
      </if>
      <if test="userid != null" >
        userid = #{userid,jdbcType=BIGINT},
      </if>
      <if test="detectionid != null" >
        detectionid = #{detectionid,jdbcType=BIGINT},
      </if>
    </set>
    where Id = #{id,jdbcType=BIGINT}
  </update>
  <update id="updateByPrimaryKey" parameterType="com.vacc.web.pojo.NucleicTest" >
    update nucleic_test
    set time = #{time,jdbcType=TIMESTAMP},
      endtime = #{endtime,jdbcType=TIMESTAMP},
      result = #{result,jdbcType=TINYINT},
      userid = #{userid,jdbcType=BIGINT},
      detectionid = #{detectionid,jdbcType=BIGINT}
    where Id = #{id,jdbcType=BIGINT}
  </update>
  <select id="selectNucleicTestResult" resultMap="BaseResultMap">
    select n.*,d.name,u.name userName,u.tel,u.sex,u.idCard
    from nucleic_test n
    left join detection_point d
    on n.detectionid=d.Detectionid
    left join `user` u
    on n.userid =u.Id
    <where>
      <if test="name!=null and name!=''">
        and u.name=#{name}
      </if>
      <if test="time!=null">
        and n.time>#{time}
      </if>
      <if test=" result !=null and result !=2 ">
        and n.result=#{result}
      </if>
      <if test="detectionid!=null and detectionid!=0 ">
        and n.detectionid=#{detectionid}
      </if>
    </where>
  </select>
</mapper>