<?xml version="1.0" encoding="UTF-8" ?>
<!DOCTYPE mapper PUBLIC "-//mybatis.org//DTD Mapper 3.0//EN" "http://mybatis.org/dtd/mybatis-3-mapper.dtd" >
<mapper namespace="com.vacc.web.mapper.ReservationMapper" >
  <resultMap id="BaseResultMap" type="com.vacc.web.pojo.Reservation" >
    <id column="id" property="id" jdbcType="INTEGER" />
    <result column="vaccinesId" property="vaccinesid" jdbcType="INTEGER" />
    <result column="vaccinesname" property="vaccinesname" jdbcType="VARCHAR" />
    <result column="InoculationId" property="inoculationid" jdbcType="INTEGER" />
    <result column="inoculationname" property="inoculationname" jdbcType="VARCHAR" />
    <result column="starttime" property="starttime" jdbcType="TIMESTAMP" />
    <result column="endtime" property="endtime" jdbcType="TIMESTAMP" />
    <result column="reservationTime" property="reservationtime" jdbcType="TIMESTAMP" />
    <result column="userId" property="userid" jdbcType="INTEGER" />
    <result column="status" property="status" jdbcType="INTEGER" />
  </resultMap>
  <sql id="Example_Where_Clause" >
    <where >
      <foreach collection="oredCriteria" item="criteria" separator="or" >
        <if test="criteria.valid" >
          <trim prefix="(" suffix=")" prefixOverrides="and" >
            <foreach collection="criteria.criteria" item="criterion" >
              <choose >
                <when test="criterion.noValue" >
                  and ${criterion.condition}
                </when>
                <when test="criterion.singleValue" >
                  and ${criterion.condition} #{criterion.value}
                </when>
                <when test="criterion.betweenValue" >
                  and ${criterion.condition} #{criterion.value} and #{criterion.secondValue}
                </when>
                <when test="criterion.listValue" >
                  and ${criterion.condition}
                  <foreach collection="criterion.value" item="listItem" open="(" close=")" separator="," >
                    #{listItem}
                  </foreach>
                </when>
              </choose>
            </foreach>
          </trim>
        </if>
      </foreach>
    </where>
  </sql>
  <sql id="Update_By_Example_Where_Clause" >
    <where >
      <foreach collection="example.oredCriteria" item="criteria" separator="or" >
        <if test="criteria.valid" >
          <trim prefix="(" suffix=")" prefixOverrides="and" >
            <foreach collection="criteria.criteria" item="criterion" >
              <choose >
                <when test="criterion.noValue" >
                  and ${criterion.condition}
                </when>
                <when test="criterion.singleValue" >
                  and ${criterion.condition} #{criterion.value}
                </when>
                <when test="criterion.betweenValue" >
                  and ${criterion.condition} #{criterion.value} and #{criterion.secondValue}
                </when>
                <when test="criterion.listValue" >
                  and ${criterion.condition}
                  <foreach collection="criterion.value" item="listItem" open="(" close=")" separator="," >
                    #{listItem}
                  </foreach>
                </when>
              </choose>
            </foreach>
          </trim>
        </if>
      </foreach>
    </where>
  </sql>
  <sql id="Base_Column_List" >
    id, vaccinesId, vaccinesname, InoculationId, inoculationname, starttime, endtime, 
    reservationTime, userId, status
  </sql>
  <select id="selectByExample" resultMap="BaseResultMap" parameterType="com.vacc.web.pojo.ReservationExample" >
    select
    <if test="distinct" >
      distinct
    </if>
    <include refid="Base_Column_List" />
    from reservation
    <if test="_parameter != null" >
      <include refid="Example_Where_Clause" />
    </if>
    <if test="orderByClause != null" >
      order by ${orderByClause}
    </if>
  </select>
  <select id="selectByPrimaryKey" resultMap="BaseResultMap" parameterType="java.lang.Integer" >
    select 
    <include refid="Base_Column_List" />
    from reservation
    where id = #{id,jdbcType=INTEGER}
  </select>
  <delete id="deleteByPrimaryKey" parameterType="java.lang.Integer" >
    delete from reservation
    where id = #{id,jdbcType=INTEGER}
  </delete>
  <delete id="deleteByExample" parameterType="com.vacc.web.pojo.ReservationExample" >
    delete from reservation
    <if test="_parameter != null" >
      <include refid="Example_Where_Clause" />
    </if>
  </delete>
  <insert id="insert" parameterType="com.vacc.web.pojo.Reservation" >
    insert into reservation (id, vaccinesId, vaccinesname, 
      InoculationId, inoculationname, starttime, 
      endtime, reservationTime, userId, 
      status)
    values (#{id,jdbcType=INTEGER}, #{vaccinesid,jdbcType=INTEGER}, #{vaccinesname,jdbcType=VARCHAR}, 
      #{inoculationid,jdbcType=INTEGER}, #{inoculationname,jdbcType=VARCHAR}, #{starttime,jdbcType=TIMESTAMP}, 
      #{endtime,jdbcType=TIMESTAMP}, #{reservationtime,jdbcType=TIMESTAMP}, #{userid,jdbcType=INTEGER}, 
      #{status,jdbcType=INTEGER})
  </insert>
  <insert id="insertSelective" parameterType="com.vacc.web.pojo.Reservation" >
    insert into reservation
    <trim prefix="(" suffix=")" suffixOverrides="," >
      <if test="id != null" >
        id,
      </if>
      <if test="vaccinesid != null" >
        vaccinesId,
      </if>
      <if test="vaccinesname != null" >
        vaccinesname,
      </if>
      <if test="inoculationid != null" >
        InoculationId,
      </if>
      <if test="inoculationname != null" >
        inoculationname,
      </if>
      <if test="starttime != null" >
        starttime,
      </if>
      <if test="endtime != null" >
        endtime,
      </if>
      <if test="reservationtime != null" >
        reservationTime,
      </if>
      <if test="userid != null" >
        userId,
      </if>
      <if test="status != null" >
        status,
      </if>
    </trim>
    <trim prefix="values (" suffix=")" suffixOverrides="," >
      <if test="id != null" >
        #{id,jdbcType=INTEGER},
      </if>
      <if test="vaccinesid != null" >
        #{vaccinesid,jdbcType=INTEGER},
      </if>
      <if test="vaccinesname != null" >
        #{vaccinesname,jdbcType=VARCHAR},
      </if>
      <if test="inoculationid != null" >
        #{inoculationid,jdbcType=INTEGER},
      </if>
      <if test="inoculationname != null" >
        #{inoculationname,jdbcType=VARCHAR},
      </if>
      <if test="starttime != null" >
        #{starttime,jdbcType=TIMESTAMP},
      </if>
      <if test="endtime != null" >
        #{endtime,jdbcType=TIMESTAMP},
      </if>
      <if test="reservationtime != null" >
        #{reservationtime,jdbcType=TIMESTAMP},
      </if>
      <if test="userid != null" >
        #{userid,jdbcType=INTEGER},
      </if>
      <if test="status != null" >
        #{status,jdbcType=INTEGER},
      </if>
    </trim>
  </insert>
  <select id="countByExample" parameterType="com.vacc.web.pojo.ReservationExample" resultType="java.lang.Integer" >
    select count(*) from reservation
    <if test="_parameter != null" >
      <include refid="Example_Where_Clause" />
    </if>
  </select>
  <update id="updateByExampleSelective" parameterType="map" >
    update reservation
    <set >
      <if test="record.id != null" >
        id = #{record.id,jdbcType=INTEGER},
      </if>
      <if test="record.vaccinesid != null" >
        vaccinesId = #{record.vaccinesid,jdbcType=INTEGER},
      </if>
      <if test="record.vaccinesname != null" >
        vaccinesname = #{record.vaccinesname,jdbcType=VARCHAR},
      </if>
      <if test="record.inoculationid != null" >
        InoculationId = #{record.inoculationid,jdbcType=INTEGER},
      </if>
      <if test="record.inoculationname != null" >
        inoculationname = #{record.inoculationname,jdbcType=VARCHAR},
      </if>
      <if test="record.starttime != null" >
        starttime = #{record.starttime,jdbcType=TIMESTAMP},
      </if>
      <if test="record.endtime != null" >
        endtime = #{record.endtime,jdbcType=TIMESTAMP},
      </if>
      <if test="record.reservationtime != null" >
        reservationTime = #{record.reservationtime,jdbcType=TIMESTAMP},
      </if>
      <if test="record.userid != null" >
        userId = #{record.userid,jdbcType=INTEGER},
      </if>
      <if test="record.status != null" >
        status = #{record.status,jdbcType=INTEGER},
      </if>
    </set>
    <if test="_parameter != null" >
      <include refid="Update_By_Example_Where_Clause" />
    </if>
  </update>
  <update id="updateByExample" parameterType="map" >
    update reservation
    set id = #{record.id,jdbcType=INTEGER},
      vaccinesId = #{record.vaccinesid,jdbcType=INTEGER},
      vaccinesname = #{record.vaccinesname,jdbcType=VARCHAR},
      InoculationId = #{record.inoculationid,jdbcType=INTEGER},
      inoculationname = #{record.inoculationname,jdbcType=VARCHAR},
      starttime = #{record.starttime,jdbcType=TIMESTAMP},
      endtime = #{record.endtime,jdbcType=TIMESTAMP},
      reservationTime = #{record.reservationtime,jdbcType=TIMESTAMP},
      userId = #{record.userid,jdbcType=INTEGER},
      status = #{record.status,jdbcType=INTEGER}
    <if test="_parameter != null" >
      <include refid="Update_By_Example_Where_Clause" />
    </if>
  </update>
  <update id="updateByPrimaryKeySelective" parameterType="com.vacc.web.pojo.Reservation" >
    update reservation
    <set >
      <if test="vaccinesid != null" >
        vaccinesId = #{vaccinesid,jdbcType=INTEGER},
      </if>
      <if test="vaccinesname != null" >
        vaccinesname = #{vaccinesname,jdbcType=VARCHAR},
      </if>
      <if test="inoculationid != null" >
        InoculationId = #{inoculationid,jdbcType=INTEGER},
      </if>
      <if test="inoculationname != null" >
        inoculationname = #{inoculationname,jdbcType=VARCHAR},
      </if>
      <if test="starttime != null" >
        starttime = #{starttime,jdbcType=TIMESTAMP},
      </if>
      <if test="endtime != null" >
        endtime = #{endtime,jdbcType=TIMESTAMP},
      </if>
      <if test="reservationtime != null" >
        reservationTime = #{reservationtime,jdbcType=TIMESTAMP},
      </if>
      <if test="userid != null" >
        userId = #{userid,jdbcType=INTEGER},
      </if>
      <if test="status != null" >
        status = #{status,jdbcType=INTEGER},
      </if>
    </set>
    where id = #{id,jdbcType=INTEGER}
  </update>
  <update id="updateByPrimaryKey" parameterType="com.vacc.web.pojo.Reservation" >
    update reservation
    set vaccinesId = #{vaccinesid,jdbcType=INTEGER},
      vaccinesname = #{vaccinesname,jdbcType=VARCHAR},
      InoculationId = #{inoculationid,jdbcType=INTEGER},
      inoculationname = #{inoculationname,jdbcType=VARCHAR},
      starttime = #{starttime,jdbcType=TIMESTAMP},
      endtime = #{endtime,jdbcType=TIMESTAMP},
      reservationTime = #{reservationtime,jdbcType=TIMESTAMP},
      userId = #{userid,jdbcType=INTEGER},
      status = #{status,jdbcType=INTEGER}
    where id = #{id,jdbcType=INTEGER}
  </update>
  <update id="updateStuts">
    update reservation
    set status=0
    where id = #{id}
  </update>
  <update id="updateCancelStuts">
    update reservation
    set status=2
    where id = #{id}
  </update>
</mapper>