<?xml version="1.0" encoding="UTF-8" ?>
<!DOCTYPE mapper PUBLIC "-//mybatis.org//DTD Mapper 3.0//EN" "http://mybatis.org/dtd/mybatis-3-mapper.dtd" >
<mapper namespace="com.vacc.web.mapper.TripMapper" >
  <resultMap id="BaseResultMap" type="com.vacc.web.pojo.Trip" >
    <id column="tripId" property="tripid" jdbcType="BIGINT" />
    <result column="arrivalTime" property="arrivaltime" jdbcType="TIMESTAMP" />
    <result column="DepartureTime" property="departuretime" jdbcType="TIMESTAMP" />
    <result column="areaId" property="areaid" jdbcType="INTEGER" />
    <result column="tripStatus" property="tripstatus" jdbcType="TINYINT" />
    <result column="userId" property="userid" jdbcType="BIGINT" />
    <result column="Detailed_address" property="detailedAddress" jdbcType="VARCHAR" />
  </resultMap>
  <sql id="Example_Where_Clause" >
    <where >
      <foreach collection="oredCriteria" item="criteria" separator="or" >
        <if test="criteria.valid" >
          <trim prefix="(" suffix=")" prefixOverrides="and" >
            <foreach collection="criteria.criteria" item="criterion" >
              <choose >
                <when test="criterion.noValue" >
                  and ${criterion.condition}
                </when>
                <when test="criterion.singleValue" >
                  and ${criterion.condition} #{criterion.value}
                </when>
                <when test="criterion.betweenValue" >
                  and ${criterion.condition} #{criterion.value} and #{criterion.secondValue}
                </when>
                <when test="criterion.listValue" >
                  and ${criterion.condition}
                  <foreach collection="criterion.value" item="listItem" open="(" close=")" separator="," >
                    #{listItem}
                  </foreach>
                </when>
              </choose>
            </foreach>
          </trim>
        </if>
      </foreach>
    </where>
  </sql>
  <sql id="Update_By_Example_Where_Clause" >
    <where >
      <foreach collection="example.oredCriteria" item="criteria" separator="or" >
        <if test="criteria.valid" >
          <trim prefix="(" suffix=")" prefixOverrides="and" >
            <foreach collection="criteria.criteria" item="criterion" >
              <choose >
                <when test="criterion.noValue" >
                  and ${criterion.condition}
                </when>
                <when test="criterion.singleValue" >
                  and ${criterion.condition} #{criterion.value}
                </when>
                <when test="criterion.betweenValue" >
                  and ${criterion.condition} #{criterion.value} and #{criterion.secondValue}
                </when>
                <when test="criterion.listValue" >
                  and ${criterion.condition}
                  <foreach collection="criterion.value" item="listItem" open="(" close=")" separator="," >
                    #{listItem}
                  </foreach>
                </when>
              </choose>
            </foreach>
          </trim>
        </if>
      </foreach>
    </where>
  </sql>
  <sql id="Base_Column_List" >
    tripId, arrivalTime, DepartureTime, areaId, tripStatus, userId, Detailed_address
  </sql>
  <select id="selectByExample" resultMap="BaseResultMap" parameterType="com.vacc.web.pojo.TripExample" >
    select
    <if test="distinct" >
      distinct
    </if>
    <include refid="Base_Column_List" />
    from trip
    <if test="_parameter != null" >
      <include refid="Example_Where_Clause" />
    </if>
    <if test="orderByClause != null" >
      order by ${orderByClause}
    </if>
  </select>
  <select id="selectByPrimaryKey" resultMap="BaseResultMap" parameterType="java.lang.Long" >
    select 
    <include refid="Base_Column_List" />
    from trip
    where tripId = #{tripid,jdbcType=BIGINT}
  </select>
  <delete id="deleteByPrimaryKey" parameterType="java.lang.Long" >
    delete from trip
    where tripId = #{tripid,jdbcType=BIGINT}
  </delete>
  <delete id="deleteByExample" parameterType="com.vacc.web.pojo.TripExample" >
    delete from trip
    <if test="_parameter != null" >
      <include refid="Example_Where_Clause" />
    </if>
  </delete>
  <insert id="insert" parameterType="com.vacc.web.pojo.Trip" >
    insert into trip (tripId, arrivalTime, DepartureTime, 
      areaId, tripStatus, userId, 
      Detailed_address)
    values (#{tripid,jdbcType=BIGINT}, #{arrivaltime,jdbcType=TIMESTAMP}, #{departuretime,jdbcType=TIMESTAMP}, 
      #{areaid,jdbcType=INTEGER}, #{tripstatus,jdbcType=TINYINT}, #{userid,jdbcType=BIGINT}, 
      #{detailedAddress,jdbcType=VARCHAR})
  </insert>
  <insert id="insertSelective" parameterType="com.vacc.web.pojo.Trip" >
    insert into trip
    <trim prefix="(" suffix=")" suffixOverrides="," >
      <if test="tripid != null" >
        tripId,
      </if>
      <if test="arrivaltime != null" >
        arrivalTime,
      </if>
      <if test="departuretime != null" >
        DepartureTime,
      </if>
      <if test="areaid != null" >
        areaId,
      </if>
      <if test="tripstatus != null" >
        tripStatus,
      </if>
      <if test="userid != null" >
        userId,
      </if>
      <if test="detailedAddress != null" >
        Detailed_address,
      </if>
    </trim>
    <trim prefix="values (" suffix=")" suffixOverrides="," >
      <if test="tripid != null" >
        #{tripid,jdbcType=BIGINT},
      </if>
      <if test="arrivaltime != null" >
        #{arrivaltime,jdbcType=TIMESTAMP},
      </if>
      <if test="departuretime != null" >
        #{departuretime,jdbcType=TIMESTAMP},
      </if>
      <if test="areaid != null" >
        #{areaid,jdbcType=INTEGER},
      </if>
      <if test="tripstatus != null" >
        #{tripstatus,jdbcType=TINYINT},
      </if>
      <if test="userid != null" >
        #{userid,jdbcType=BIGINT},
      </if>
      <if test="detailedAddress != null" >
        #{detailedAddress,jdbcType=VARCHAR},
      </if>
    </trim>
  </insert>
  <select id="countByExample" parameterType="com.vacc.web.pojo.TripExample" resultType="java.lang.Integer" >
    select count(*) from trip
    <if test="_parameter != null" >
      <include refid="Example_Where_Clause" />
    </if>
  </select>
  <update id="updateByExampleSelective" parameterType="map" >
    update trip
    <set >
      <if test="record.tripid != null" >
        tripId = #{record.tripid,jdbcType=BIGINT},
      </if>
      <if test="record.arrivaltime != null" >
        arrivalTime = #{record.arrivaltime,jdbcType=TIMESTAMP},
      </if>
      <if test="record.departuretime != null" >
        DepartureTime = #{record.departuretime,jdbcType=TIMESTAMP},
      </if>
      <if test="record.areaid != null" >
        areaId = #{record.areaid,jdbcType=INTEGER},
      </if>
      <if test="record.tripstatus != null" >
        tripStatus = #{record.tripstatus,jdbcType=TINYINT},
      </if>
      <if test="record.userid != null" >
        userId = #{record.userid,jdbcType=BIGINT},
      </if>
      <if test="record.detailedAddress != null" >
        Detailed_address = #{record.detailedAddress,jdbcType=VARCHAR},
      </if>
    </set>
    <if test="_parameter != null" >
      <include refid="Update_By_Example_Where_Clause" />
    </if>
  </update>
  <update id="updateByExample" parameterType="map" >
    update trip
    set tripId = #{record.tripid,jdbcType=BIGINT},
      arrivalTime = #{record.arrivaltime,jdbcType=TIMESTAMP},
      DepartureTime = #{record.departuretime,jdbcType=TIMESTAMP},
      areaId = #{record.areaid,jdbcType=INTEGER},
      tripStatus = #{record.tripstatus,jdbcType=TINYINT},
      userId = #{record.userid,jdbcType=BIGINT},
      Detailed_address = #{record.detailedAddress,jdbcType=VARCHAR}
    <if test="_parameter != null" >
      <include refid="Update_By_Example_Where_Clause" />
    </if>
  </update>
  <update id="updateByPrimaryKeySelective" parameterType="com.vacc.web.pojo.Trip" >
    update trip
    <set >
      <if test="arrivaltime != null" >
        arrivalTime = #{arrivaltime,jdbcType=TIMESTAMP},
      </if>
      <if test="departuretime != null" >
        DepartureTime = #{departuretime,jdbcType=TIMESTAMP},
      </if>
      <if test="areaid != null" >
        areaId = #{areaid,jdbcType=INTEGER},
      </if>
      <if test="tripstatus != null" >
        tripStatus = #{tripstatus,jdbcType=TINYINT},
      </if>
      <if test="userid != null" >
        userId = #{userid,jdbcType=BIGINT},
      </if>
      <if test="detailedAddress != null" >
        Detailed_address = #{detailedAddress,jdbcType=VARCHAR},
      </if>
    </set>
    where tripId = #{tripid,jdbcType=BIGINT}
  </update>
  <update id="updateByPrimaryKey" parameterType="com.vacc.web.pojo.Trip" >
    update trip
    set arrivalTime = #{arrivaltime,jdbcType=TIMESTAMP},
      DepartureTime = #{departuretime,jdbcType=TIMESTAMP},
      areaId = #{areaid,jdbcType=INTEGER},
      tripStatus = #{tripstatus,jdbcType=TINYINT},
      userId = #{userid,jdbcType=BIGINT},
      Detailed_address = #{detailedAddress,jdbcType=VARCHAR}
    where tripId = #{tripid,jdbcType=BIGINT}
  </update>
</mapper>