<?xml version="1.0" encoding="UTF-8" ?>
<!DOCTYPE mapper PUBLIC "-//mybatis.org//DTD Mapper 3.0//EN" "http://mybatis.org/dtd/mybatis-3-mapper.dtd" >
<mapper namespace="com.vacc.web.mapper.UserMapper" >
  <resultMap id="BaseResultMap" type="com.vacc.web.pojo.User" >
    <id column="Id" property="id" jdbcType="BIGINT" />
    <result column="name" property="name" jdbcType="VARCHAR" />
    <result column="sex" property="sex" jdbcType="VARCHAR" />
    <result column="pic" property="pic" jdbcType="VARCHAR" />
    <result column="password" property="password" jdbcType="VARCHAR" />
    <result column="email" property="email" jdbcType="VARCHAR" />
    <result column="tel" property="tel" jdbcType="VARCHAR" />
    <result column="idCard" property="idcard" jdbcType="VARCHAR" />
    <result column="roleId" property="roleid" jdbcType="INTEGER" />
    <result column="Account_status" property="accountStatus" jdbcType="INTEGER" />
    <result column="Detailed_address" property="detailedAddress" jdbcType="VARCHAR" />
    <result column="health_status" property="healthStatus" jdbcType="INTEGER" />
  </resultMap>
  <sql id="Example_Where_Clause" >
    <where >
      <foreach collection="oredCriteria" item="criteria" separator="or" >
        <if test="criteria.valid" >
          <trim prefix="(" suffix=")" prefixOverrides="and" >
            <foreach collection="criteria.criteria" item="criterion" >
              <choose >
                <when test="criterion.noValue" >
                  and ${criterion.condition}
                </when>
                <when test="criterion.singleValue" >
                  and ${criterion.condition} #{criterion.value}
                </when>
                <when test="criterion.betweenValue" >
                  and ${criterion.condition} #{criterion.value} and #{criterion.secondValue}
                </when>
                <when test="criterion.listValue" >
                  and ${criterion.condition}
                  <foreach collection="criterion.value" item="listItem" open="(" close=")" separator="," >
                    #{listItem}
                  </foreach>
                </when>
              </choose>
            </foreach>
          </trim>
        </if>
      </foreach>
    </where>
  </sql>
  <sql id="Update_By_Example_Where_Clause" >
    <where >
      <foreach collection="example.oredCriteria" item="criteria" separator="or" >
        <if test="criteria.valid" >
          <trim prefix="(" suffix=")" prefixOverrides="and" >
            <foreach collection="criteria.criteria" item="criterion" >
              <choose >
                <when test="criterion.noValue" >
                  and ${criterion.condition}
                </when>
                <when test="criterion.singleValue" >
                  and ${criterion.condition} #{criterion.value}
                </when>
                <when test="criterion.betweenValue" >
                  and ${criterion.condition} #{criterion.value} and #{criterion.secondValue}
                </when>
                <when test="criterion.listValue" >
                  and ${criterion.condition}
                  <foreach collection="criterion.value" item="listItem" open="(" close=")" separator="," >
                    #{listItem}
                  </foreach>
                </when>
              </choose>
            </foreach>
          </trim>
        </if>
      </foreach>
    </where>
  </sql>
  <sql id="Base_Column_List" >
    Id, name, sex, pic, password, email, tel, idCard, roleId, Account_status, Detailed_address, 
    health_status
  </sql>
  <select id="selectByExample" resultMap="BaseResultMap" parameterType="com.vacc.web.pojo.UserExample" >
    select
    <if test="distinct" >
      distinct
    </if>
    <include refid="Base_Column_List" />
    from user
    <if test="_parameter != null" >
      <include refid="Example_Where_Clause" />
    </if>
    <if test="orderByClause != null" >
      order by ${orderByClause}
    </if>
  </select>
  <select id="selectByPrimaryKey" resultMap="BaseResultMap" parameterType="java.lang.Long" >
    select 
    <include refid="Base_Column_List" />
    from user
    where Id = #{id,jdbcType=BIGINT}
  </select>
  <delete id="deleteByPrimaryKey" parameterType="java.lang.Long" >
    delete from user
    where Id = #{id,jdbcType=BIGINT}
  </delete>
  <delete id="deleteByExample" parameterType="com.vacc.web.pojo.UserExample" >
    delete from user
    <if test="_parameter != null" >
      <include refid="Example_Where_Clause" />
    </if>
  </delete>
  <insert id="insert" parameterType="com.vacc.web.pojo.User" >
    insert into user (Id, name, sex, 
      pic, password, email, 
      tel, idCard, roleId, 
      Account_status, Detailed_address, health_status
      )
    values (#{id,jdbcType=BIGINT}, #{name,jdbcType=VARCHAR}, #{sex,jdbcType=VARCHAR}, 
      #{pic,jdbcType=VARCHAR}, #{password,jdbcType=VARCHAR}, #{email,jdbcType=VARCHAR}, 
      #{tel,jdbcType=VARCHAR}, #{idcard,jdbcType=VARCHAR}, #{roleid,jdbcType=INTEGER}, 
      #{accountStatus,jdbcType=INTEGER}, #{detailedAddress,jdbcType=VARCHAR}, #{healthStatus,jdbcType=INTEGER}
      )
  </insert>
  <insert id="insertSelective" parameterType="com.vacc.web.pojo.User" >
    insert into user
    <trim prefix="(" suffix=")" suffixOverrides="," >
      <if test="id != null" >
        Id,
      </if>
      <if test="name != null" >
        name,
      </if>
      <if test="sex != null" >
        sex,
      </if>
      <if test="pic != null" >
        pic,
      </if>
      <if test="password != null" >
        password,
      </if>
      <if test="email != null" >
        email,
      </if>
      <if test="tel != null" >
        tel,
      </if>
      <if test="idcard != null" >
        idCard,
      </if>
      <if test="roleid != null" >
        roleId,
      </if>
      <if test="accountStatus != null" >
        Account_status,
      </if>
      <if test="detailedAddress != null" >
        Detailed_address,
      </if>
      <if test="healthStatus != null" >
        health_status,
      </if>
    </trim>
    <trim prefix="values (" suffix=")" suffixOverrides="," >
      <if test="id != null" >
        #{id,jdbcType=BIGINT},
      </if>
      <if test="name != null" >
        #{name,jdbcType=VARCHAR},
      </if>
      <if test="sex != null" >
        #{sex,jdbcType=VARCHAR},
      </if>
      <if test="pic != null" >
        #{pic,jdbcType=VARCHAR},
      </if>
      <if test="password != null" >
        #{password,jdbcType=VARCHAR},
      </if>
      <if test="email != null" >
        #{email,jdbcType=VARCHAR},
      </if>
      <if test="tel != null" >
        #{tel,jdbcType=VARCHAR},
      </if>
      <if test="idcard != null" >
        #{idcard,jdbcType=VARCHAR},
      </if>
      <if test="roleid != null" >
        #{roleid,jdbcType=INTEGER},
      </if>
      <if test="accountStatus != null" >
        #{accountStatus,jdbcType=INTEGER},
      </if>
      <if test="detailedAddress != null" >
        #{detailedAddress,jdbcType=VARCHAR},
      </if>
      <if test="healthStatus != null" >
        #{healthStatus,jdbcType=INTEGER},
      </if>
    </trim>
  </insert>
  <select id="countByExample" parameterType="com.vacc.web.pojo.UserExample" resultType="java.lang.Integer" >
    select count(*) from user
    <if test="_parameter != null" >
      <include refid="Example_Where_Clause" />
    </if>
  </select>
  <update id="updateByExampleSelective" parameterType="map" >
    update user
    <set >
      <if test="record.id != null" >
        Id = #{record.id,jdbcType=BIGINT},
      </if>
      <if test="record.name != null" >
        name = #{record.name,jdbcType=VARCHAR},
      </if>
      <if test="record.sex != null" >
        sex = #{record.sex,jdbcType=VARCHAR},
      </if>
      <if test="record.pic != null" >
        pic = #{record.pic,jdbcType=VARCHAR},
      </if>
      <if test="record.password != null" >
        password = #{record.password,jdbcType=VARCHAR},
      </if>
      <if test="record.email != null" >
        email = #{record.email,jdbcType=VARCHAR},
      </if>
      <if test="record.tel != null" >
        tel = #{record.tel,jdbcType=VARCHAR},
      </if>
      <if test="record.idcard != null" >
        idCard = #{record.idcard,jdbcType=VARCHAR},
      </if>
      <if test="record.roleid != null" >
        roleId = #{record.roleid,jdbcType=INTEGER},
      </if>
      <if test="record.accountStatus != null" >
        Account_status = #{record.accountStatus,jdbcType=INTEGER},
      </if>
      <if test="record.detailedAddress != null" >
        Detailed_address = #{record.detailedAddress,jdbcType=VARCHAR},
      </if>
      <if test="record.healthStatus != null" >
        health_status = #{record.healthStatus,jdbcType=INTEGER},
      </if>
    </set>
    <if test="_parameter != null" >
      <include refid="Update_By_Example_Where_Clause" />
    </if>
  </update>
  <update id="updateByExample" parameterType="map" >
    update user
    set Id = #{record.id,jdbcType=BIGINT},
      name = #{record.name,jdbcType=VARCHAR},
      sex = #{record.sex,jdbcType=VARCHAR},
      pic = #{record.pic,jdbcType=VARCHAR},
      password = #{record.password,jdbcType=VARCHAR},
      email = #{record.email,jdbcType=VARCHAR},
      tel = #{record.tel,jdbcType=VARCHAR},
      idCard = #{record.idcard,jdbcType=VARCHAR},
      roleId = #{record.roleid,jdbcType=INTEGER},
      Account_status = #{record.accountStatus,jdbcType=INTEGER},
      Detailed_address = #{record.detailedAddress,jdbcType=VARCHAR},
      health_status = #{record.healthStatus,jdbcType=INTEGER}
    <if test="_parameter != null" >
      <include refid="Update_By_Example_Where_Clause" />
    </if>
  </update>
  <update id="updateByPrimaryKeySelective" parameterType="com.vacc.web.pojo.User" >
    update user
    <set >
      <if test="name != null" >
        name = #{name,jdbcType=VARCHAR},
      </if>
      <if test="sex != null" >
        sex = #{sex,jdbcType=VARCHAR},
      </if>
      <if test="pic != null" >
        pic = #{pic,jdbcType=VARCHAR},
      </if>
      <if test="password != null" >
        password = #{password,jdbcType=VARCHAR},
      </if>
      <if test="email != null" >
        email = #{email,jdbcType=VARCHAR},
      </if>
      <if test="tel != null" >
        tel = #{tel,jdbcType=VARCHAR},
      </if>
      <if test="idcard != null" >
        idCard = #{idcard,jdbcType=VARCHAR},
      </if>
      <if test="roleid != null" >
        roleId = #{roleid,jdbcType=INTEGER},
      </if>
      <if test="accountStatus != null" >
        Account_status = #{accountStatus,jdbcType=INTEGER},
      </if>
      <if test="detailedAddress != null" >
        Detailed_address = #{detailedAddress,jdbcType=VARCHAR},
      </if>
      <if test="healthStatus != null" >
        health_status = #{healthStatus,jdbcType=INTEGER},
      </if>
    </set>
    where Id = #{id,jdbcType=BIGINT}
  </update>
  <update id="updateByPrimaryKey" parameterType="com.vacc.web.pojo.User" >
    update user
    set name = #{name,jdbcType=VARCHAR},
      sex = #{sex,jdbcType=VARCHAR},
      pic = #{pic,jdbcType=VARCHAR},
      password = #{password,jdbcType=VARCHAR},
      email = #{email,jdbcType=VARCHAR},
      tel = #{tel,jdbcType=VARCHAR},
      idCard = #{idcard,jdbcType=VARCHAR},
      roleId = #{roleid,jdbcType=INTEGER},
      Account_status = #{accountStatus,jdbcType=INTEGER},
      Detailed_address = #{detailedAddress,jdbcType=VARCHAR},
      health_status = #{healthStatus,jdbcType=INTEGER}
    where Id = #{id,jdbcType=BIGINT}
  </update>
  <update id="updateHealthStatusByUserId" >
    update user
    set health_status=2
    where Id = #{userId}
  </update>
  <update id="updateHealthStatusByUserId2" >
    update user
    set health_status=0
    where Id = #{userId}
  </update>
</mapper>