<?xml version="1.0" encoding="UTF-8" ?>
<!DOCTYPE mapper PUBLIC "-//mybatis.org//DTD Mapper 3.0//EN" "http://mybatis.org/dtd/mybatis-3-mapper.dtd" >
<mapper namespace="com.vacc.web.mapper.VaccinesMapper" >
  <resultMap id="BaseResultMap" type="com.vacc.web.pojo.Vaccines" >
    <id column="vaccinesId" property="vaccinesid" jdbcType="BIGINT" />
    <result column="vaccinesName" property="vaccinesname" jdbcType="VARCHAR" />
    <result column="manufactor" property="manufactor" jdbcType="VARCHAR" />
    <result column="vacctype" property="vacctype" jdbcType="VARCHAR" />
    <result column="describes" property="describes" jdbcType="VARCHAR" />
  </resultMap>
  <sql id="Example_Where_Clause" >
    <where >
      <foreach collection="oredCriteria" item="criteria" separator="or" >
        <if test="criteria.valid" >
          <trim prefix="(" suffix=")" prefixOverrides="and" >
            <foreach collection="criteria.criteria" item="criterion" >
              <choose >
                <when test="criterion.noValue" >
                  and ${criterion.condition}
                </when>
                <when test="criterion.singleValue" >
                  and ${criterion.condition} #{criterion.value}
                </when>
                <when test="criterion.betweenValue" >
                  and ${criterion.condition} #{criterion.value} and #{criterion.secondValue}
                </when>
                <when test="criterion.listValue" >
                  and ${criterion.condition}
                  <foreach collection="criterion.value" item="listItem" open="(" close=")" separator="," >
                    #{listItem}
                  </foreach>
                </when>
              </choose>
            </foreach>
          </trim>
        </if>
      </foreach>
    </where>
  </sql>
  <sql id="Update_By_Example_Where_Clause" >
    <where >
      <foreach collection="example.oredCriteria" item="criteria" separator="or" >
        <if test="criteria.valid" >
          <trim prefix="(" suffix=")" prefixOverrides="and" >
            <foreach collection="criteria.criteria" item="criterion" >
              <choose >
                <when test="criterion.noValue" >
                  and ${criterion.condition}
                </when>
                <when test="criterion.singleValue" >
                  and ${criterion.condition} #{criterion.value}
                </when>
                <when test="criterion.betweenValue" >
                  and ${criterion.condition} #{criterion.value} and #{criterion.secondValue}
                </when>
                <when test="criterion.listValue" >
                  and ${criterion.condition}
                  <foreach collection="criterion.value" item="listItem" open="(" close=")" separator="," >
                    #{listItem}
                  </foreach>
                </when>
              </choose>
            </foreach>
          </trim>
        </if>
      </foreach>
    </where>
  </sql>
  <sql id="Base_Column_List" >
    vaccinesId, vaccinesName, manufactor, vacctype, describes
  </sql>
  <select id="selectByExample" resultMap="BaseResultMap" parameterType="com.vacc.web.pojo.VaccinesExample" >
    select
    <if test="distinct" >
      distinct
    </if>
    <include refid="Base_Column_List" />
    from vaccines
    <if test="_parameter != null" >
      <include refid="Example_Where_Clause" />
    </if>
    <if test="orderByClause != null" >
      order by ${orderByClause}
    </if>
  </select>
  <select id="selectByPrimaryKey" resultMap="BaseResultMap" parameterType="java.lang.Long" >
    select 
    <include refid="Base_Column_List" />
    from vaccines
    where vaccinesId = #{vaccinesid,jdbcType=BIGINT}
  </select>
  <delete id="deleteByPrimaryKey" parameterType="java.lang.Long" >
    delete from vaccines
    where vaccinesId = #{vaccinesid,jdbcType=BIGINT}
  </delete>
  <delete id="deleteByExample" parameterType="com.vacc.web.pojo.VaccinesExample" >
    delete from vaccines
    <if test="_parameter != null" >
      <include refid="Example_Where_Clause" />
    </if>
  </delete>
  <insert id="insert" parameterType="com.vacc.web.pojo.Vaccines" >
    insert into vaccines (vaccinesId, vaccinesName, manufactor, 
      vacctype, describes)
    values (#{vaccinesid,jdbcType=BIGINT}, #{vaccinesname,jdbcType=VARCHAR}, #{manufactor,jdbcType=VARCHAR}, 
      #{vacctype,jdbcType=VARCHAR}, #{describes,jdbcType=VARCHAR})
  </insert>
  <insert id="insertSelective" parameterType="com.vacc.web.pojo.Vaccines" >
    insert into vaccines
    <trim prefix="(" suffix=")" suffixOverrides="," >
      <if test="vaccinesid != null" >
        vaccinesId,
      </if>
      <if test="vaccinesname != null" >
        vaccinesName,
      </if>
      <if test="manufactor != null" >
        manufactor,
      </if>
      <if test="vacctype != null" >
        vacctype,
      </if>
      <if test="describes != null" >
        describes,
      </if>
    </trim>
    <trim prefix="values (" suffix=")" suffixOverrides="," >
      <if test="vaccinesid != null" >
        #{vaccinesid,jdbcType=BIGINT},
      </if>
      <if test="vaccinesname != null" >
        #{vaccinesname,jdbcType=VARCHAR},
      </if>
      <if test="manufactor != null" >
        #{manufactor,jdbcType=VARCHAR},
      </if>
      <if test="vacctype != null" >
        #{vacctype,jdbcType=VARCHAR},
      </if>
      <if test="describes != null" >
        #{describes,jdbcType=VARCHAR},
      </if>
    </trim>
  </insert>
  <select id="countByExample" parameterType="com.vacc.web.pojo.VaccinesExample" resultType="java.lang.Integer" >
    select count(*) from vaccines
    <if test="_parameter != null" >
      <include refid="Example_Where_Clause" />
    </if>
  </select>
  <update id="updateByExampleSelective" parameterType="map" >
    update vaccines
    <set >
      <if test="record.vaccinesid != null" >
        vaccinesId = #{record.vaccinesid,jdbcType=BIGINT},
      </if>
      <if test="record.vaccinesname != null" >
        vaccinesName = #{record.vaccinesname,jdbcType=VARCHAR},
      </if>
      <if test="record.manufactor != null" >
        manufactor = #{record.manufactor,jdbcType=VARCHAR},
      </if>
      <if test="record.vacctype != null" >
        vacctype = #{record.vacctype,jdbcType=VARCHAR},
      </if>
      <if test="record.describes != null" >
        describes = #{record.describes,jdbcType=VARCHAR},
      </if>
    </set>
    <if test="_parameter != null" >
      <include refid="Update_By_Example_Where_Clause" />
    </if>
  </update>
  <update id="updateByExample" parameterType="map" >
    update vaccines
    set vaccinesId = #{record.vaccinesid,jdbcType=BIGINT},
      vaccinesName = #{record.vaccinesname,jdbcType=VARCHAR},
      manufactor = #{record.manufactor,jdbcType=VARCHAR},
      vacctype = #{record.vacctype,jdbcType=VARCHAR},
      describes = #{record.describes,jdbcType=VARCHAR}
    <if test="_parameter != null" >
      <include refid="Update_By_Example_Where_Clause" />
    </if>
  </update>
  <update id="updateByPrimaryKeySelective" parameterType="com.vacc.web.pojo.Vaccines" >
    update vaccines
    <set >
      <if test="vaccinesname != null" >
        vaccinesName = #{vaccinesname,jdbcType=VARCHAR},
      </if>
      <if test="manufactor != null" >
        manufactor = #{manufactor,jdbcType=VARCHAR},
      </if>
      <if test="vacctype != null" >
        vacctype = #{vacctype,jdbcType=VARCHAR},
      </if>
      <if test="describes != null" >
        describes = #{describes,jdbcType=VARCHAR},
      </if>
    </set>
    where vaccinesId = #{vaccinesid,jdbcType=BIGINT}
  </update>
  <update id="updateByPrimaryKey" parameterType="com.vacc.web.pojo.Vaccines" >
    update vaccines
    set vaccinesName = #{vaccinesname,jdbcType=VARCHAR},
      manufactor = #{manufactor,jdbcType=VARCHAR},
      vacctype = #{vacctype,jdbcType=VARCHAR},
      describes = #{describes,jdbcType=VARCHAR}
    where vaccinesId = #{vaccinesid,jdbcType=BIGINT}
  </update>
</mapper>